Country,Port,Unlocode,"Vessels In Port","Departures (last 24hrs)","Arrivals (last 24hrs)","Expected Arrivals","Local Time","Related Anchorage","Area Global","Area Local"
Singapore,SINGAPORE,SGSIN,1135,1566,1624,1146,8,"SINGAPORE ANCH",Indonesia,"Singapore Area"
Singapore,"SINGAPORE ANCH",,543,1208,1222,84,8,,Indonesia,"Singapore Area"
Indonesia,"BATU AMPAR",IDBUR,199,112,117,39,7,"BATU AMPAR ANCH",Indonesia,"Singapore Area"
Indonesia,JAKARTA,IDJKT,196,126,134,102,7,"JAKARTA ANCH",Indonesia,"Java Sea"
Indonesia,"MUARA BERAU ANCH",IDMUB,189,72,78,6,8,,Indonesia,"Makassar Strait"
Vietnam,"HAI PHONG",VNHPH,171,154,163,57,7,"HAI PHONG ANCH","South-East Asia","South-East Asia"
Vietnam,"HO CHI MINH",VNSGN,170,51,76,59,7,"HO CHI MINH ANCH","South-East Asia","South-East Asia"
Russia,VLADIVOSTOK,RUVVO,159,41,50,66,10,"VLADIVOSTOK ANCH","CIS Pacific","CIS Pacific"
India,"MUMBAI ANCH",,143,44,68,6,5.5,,"West Coast India","West Coast India"
Malaysia,"PORT KLANG",MYPKG,138,90,92,119,8,"PORT KLANG ANCH",Indonesia,"Malacca Strait"
Indonesia,"TABONEO ANCH",IDTAB,123,49,41,26,7,,Indonesia,"Java Sea"
Indonesia,BANJARMASIN,IDBDJ,112,28,55,20,8,"TABONEO ANCH",Indonesia,"Java Sea"
Thailand,BANGKOK,THBKK,99,43,37,42,7,"BANGKOK ANCH","South-East Asia","Gulf of Thailand"
Indonesia,"JAKARTA ANCH",,99,69,74,0,7,,Indonesia,"Java Sea"
Thailand,PHUKET,THHKT,95,24,38,0,7,"PHUKET ANCH","South-East Asia","Andaman Sea"
Vietnam,"DA NANG",VNDAD,90,32,63,12,7,"DA NANG ANCH","South-East Asia","South-East Asia"
Thailand,"SRIRACHA ANCH",,90,50,55,1,7,,"South-East Asia","Gulf of Thailand"
Vietnam,"VUNG TAU",VNVUT,85,97,92,64,7,"VUNG TAU ANCH","South-East Asia","South-East Asia"
Indonesia,SURABAYA,IDSUB,76,53,65,47,7,"SURABAYA ANCH",Indonesia,"Java Sea"
Bangladesh,CHITTAGONG,BDCGP,75,9,9,91,6,"CHITTAGONG ANCH","East Coast India","Bengal Bay"
India,MUNDRA,INMUN,74,36,38,41,5.5,"MUNDRA ANCH","West Coast India","West Coast India"
India,MUMBAI,INBOM,72,63,63,54,5.5,"MUMBAI ANCH","West Coast India","West Coast India"
Philippines,"MANILA ANCH",,71,68,66,2,8,,Philippines,Philippines
India,SIKKA,INSIK,69,11,11,36,5.5,"SIKKA ANCH","West Coast India","West Coast India"
Thailand,"LAEM CHABANG",THLCH,67,48,42,75,7,"LAEM CHABANG ANCH","South-East Asia","Gulf of Thailand"
Myanmar,YANGON,MMRGN,63,8,6,18,6.5,"YANGON ANCH","South-East Asia","Andaman Sea"
Indonesia,"SURABAYA RIVER ANCH",,63,24,28,0,8,,Indonesia,"Java Sea"
India,HAZIRA,INHZR,62,19,21,30,5.5,"HAZIRA ANCH","West Coast India","West Coast India"
Vietnam,"DUNG QUAT",VNDQT,60,28,32,19,7,,"South-East Asia","South-East Asia"
Singapore,CHANGI,SGCHG,60,158,169,14,8,"SINGAPORE ANCH",Indonesia,"Singapore Area"
Indonesia,BUNATI,IDBUT,58,16,27,25,8,,Indonesia,"Java Sea"
Bangladesh,"CHITTAGONG ANCH",,58,9,7,0,6,,"East Coast India","Bengal Bay"
Philippines,CEBU,PHCEB,55,39,41,28,8,"CEBU ANCH",Philippines,Philippines
Vietnam,"NGHI SON",VNNGH,55,22,25,21,7,,"South-East Asia","South-East Asia"
Thailand,SRIRACHA,THSRI,55,51,56,18,7,"SRIRACHA ANCH","South-East Asia","Gulf of Thailand"
Vietnam,"HON GAI ANCH",,55,25,29,1,7,,"South-East Asia","South-East Asia"
Malaysia,"TANJUNG PELEPAS ANCH",,55,39,37,1,8,,Indonesia,"Singapore Area"
India,KOCHI,INCOK,54,24,29,26,5.5,"COCHIN ANCH","West Coast India","West Coast India"
Malaysia,PENANG,MYPEN,53,47,47,12,8,"PENANG ANCH",Indonesia,"Malacca Strait"
"Sri Lanka",COLOMBO,LKCMB,52,14,13,42,5.5,"COLOMBO ANCH","East Coast India","Laccadive Sea"
India,"KANDLA ANCH",,51,29,26,4,5.5,,"West Coast India","West Coast India"
Philippines,MANILA,PHMNL,50,32,39,56,8,"MANILA ANCH",Philippines,Philippines
Russia,PETROPAVLOVSK,RUPKC,50,9,6,16,12,"PETROPAVLOVSK ANCH","CIS Pacific","Bering Sea"
India,KANDLA,INIXY,48,39,38,57,5.5,"KANDLA ANCH","West Coast India","West Coast India"
Malaysia,BINTULU,MYBTU,48,32,41,33,8,"BINTULU ANCH",Indonesia,"Riau Archipelago"
Russia,NAKHODKA,RUNJK,48,19,24,26,10,"NAKHODKA ANCH","CIS Pacific","CIS Pacific"
India,VISAKHAPATNAM,INVTZ,47,17,14,44,5.5,"VISAKHAPATNAM ANCH","East Coast India","Bengal Bay"
Indonesia,SAMARINDA,IDSRI,47,14,20,19,8,"MUARA BERAU ANCH",Indonesia,"Makassar Strait"
Indonesia,KABIL,IDKAB,47,41,49,10,7,"TANJUNG UBAN ANCH",Indonesia,"Singapore Area"
Vietnam,"HO CHI MINH ANCH",,46,53,71,0,7,,"South-East Asia","South-East Asia"
Indonesia,CILEGON,IDCGN,43,4,13,4,7,"CILEGON ANCH",Indonesia,"Java Sea"
Thailand,"MAP TA PHUT",THMAT,42,27,22,25,7,"MAP TA PHUT ANCH","South-East Asia","Gulf of Thailand"
Vietnam,"HON GAI",VNHON,42,24,29,23,7,"HON GAI ANCH","South-East Asia","South-East Asia"
Indonesia,KARIANGAU,IDKRG,42,73,66,1,8,"BALIKPAPAN BAY ANCH",Indonesia,"Makassar Strait"
Malaysia,"TANJUNG PELEPAS",MYTPP,41,60,55,78,8,"TANJUNG PELEPAS ANCH",Indonesia,"Singapore Area"
Indonesia,GRESIK,IDGRE,41,14,22,32,7,"SURABAYA ANCH",Indonesia,"Java Sea"
Indonesia,PALEMBANG,IDPLM,41,15,10,29,7,"PALEMBANG ANCH",Indonesia,"Java Sea"
Philippines,"SUBIC BAY",PHSFS,41,16,14,12,8,"SUBIC BAY ANCH",Philippines,Philippines
Indonesia,"MERAK ANCH",,40,47,47,3,7,,Indonesia,"Java Sea"
Malaysia,"PORT KLANG ANCH",,40,39,36,0,8,,Indonesia,"Malacca Strait"
Indonesia,BONTANG,IDBXT,38,3,14,20,8,"BONTANG ANCH",Indonesia,"Makassar Strait"
Indonesia,"PALEMBANG ANCH",,38,30,31,2,7,,Indonesia,"Java Sea"
Vietnam,"CAM PHA ANCH",,38,9,10,0,7,,"South-East Asia","South-East Asia"
India,KAKINADA,INKAK,36,5,6,23,5.5,"KAKINADA ANCH","East Coast India","Bengal Bay"
Malaysia,"PASIR GUDANG",MYPGU,36,44,41,23,8,"PASIR GUDANG ANCH",Indonesia,"Singapore Area"
Singapore,SEMBAWANG,SGSEM,36,12,13,1,8,,Indonesia,"Singapore Area"
Indonesia,SAMPIT,IDSMQ,35,6,14,6,7,"SAMPIT ANCH",Indonesia,"Java Sea"
"French Polynesia",PAPEETE,PFPPT,34,28,27,7,-10,,"South Pacific","South Pacific"
Malaysia,"PASIR GUDANG ANCH",,34,34,29,0,8,,Indonesia,"Singapore Area"
Indonesia,PONTIANAK,IDPNK,33,6,8,10,7,"PONTIANAK ANCH",Indonesia,"Java Sea"
Vietnam,"VUNG TAU ANCH",,33,23,25,1,7,,"South-East Asia","South-East Asia"
Thailand,SONGKHLA,THSGZ,32,12,14,22,7,"SONGKHLA ANCH","South-East Asia","Gulf of Thailand"
Malaysia,KEMAMAN,MYKEM,32,13,16,16,8,"KEMAMAN ANCH",Indonesia,"Riau Archipelago"
India,PARADIP,INPRT,31,25,22,39,5.5,"PARADIP ANCH","East Coast India","Bengal Bay"
Indonesia,"BATU AMPAR ANCH",,31,15,15,0,7,,Indonesia,"Singapore Area"
Indonesia,DUMAI,IDDUM,30,28,30,25,7,"DUMAI ANCH",Indonesia,"Malacca Strait"
Vietnam,VINH,VNTVH,30,25,35,9,7,,"South-East Asia","South-East Asia"
Malaysia,LANGKAWI,MYLGK,30,6,8,3,8,"LANGKAWI ANCH",Indonesia,"Malacca Strait"
Russia,"NAKHODKA ANCH",,30,37,33,0,10,,"CIS Pacific","CIS Pacific"
Vietnam,"CAI MEP",VNCMT,29,42,35,8,7,"HO CHI MINH ANCH","South-East Asia","South-East Asia"
Indonesia,"DUMAI ANCH",,28,18,12,1,7,,Indonesia,"Malacca Strait"
Pakistan,KARACHI,PKKHI,27,13,13,32,5,"KARACHI ANCH","West Coast India","West Coast India"
Indonesia,BELAWAN,IDBLW,27,11,10,19,7,"BELAWAN ANCH",Indonesia,"Malacca Strait"
India,TUTICORIN,INTUT,27,7,3,19,5.5,"TUTICORIN ANCH","East Coast India","Laccadive Sea"
India,MORMUGAO,INMRM,27,2,1,8,5.5,"MORMUGAO ANCH","West Coast India","West Coast India"
Malaysia,"LABUAN ANCH",,27,10,6,7,8,,Indonesia,"Riau Archipelago"
Indonesia,"BALIKPAPAN BAY ANCH",,27,32,36,2,8,,Indonesia,"Makassar Strait"
Philippines,BATANGAS,PHBTG,26,61,64,26,8,"BATANGAS BAY",Philippines,Philippines
Indonesia,MERAK,IDMRK,26,98,114,20,7,"MERAK ANCH",Indonesia,"Java Sea"
Pakistan,"PORT QASIM",PKBQM,26,8,6,16,5,"PORT QASIM ANCH","West Coast India","West Coast India"
Indonesia,KENDARI,IDKDI,26,7,7,13,8,,Indonesia,"Banda Sea"
Vietnam,"PHU MY",VNPHU,25,17,16,17,7,"HO CHI MINH ANCH","South-East Asia","South-East Asia"
Russia,KORSAKOV,RUKOR,25,4,9,7,11,"KORSAKOV ANCH","CIS Pacific","Okhotsk Sea"
India,"PORT BLAIR",INIXZ,25,6,6,6,5.5,,"South-East Asia","Andaman Sea"
India,JAIGAD,INJGD,25,7,8,4,5.5,"JAIGAD ANCH","West Coast India","West Coast India"
Indonesia,BENOA,IDBOA,25,10,9,3,8,"BENOA ANCH",Indonesia,Indonesia
India,"NHAVA SHEVA",INNSA,24,37,31,34,5.5,"MUMBAI ANCH","West Coast India","West Coast India"
India,HALDIA,INHAL,24,8,11,20,5.5,"KOLKATA ANCH","East Coast India","Bengal Bay"
Indonesia,"TANJUNG UBAN ANCH",,24,11,13,0,7,,Indonesia,"Singapore Area"
Malaysia,LUMUT,MYLUM,23,2,8,14,8,"LUMUT ANCH",Indonesia,"Malacca Strait"
India,"VISAKHAPATNAM ANCH",,23,4,4,0,5.5,,"East Coast India","Bengal Bay"
Indonesia,BALIKPAPAN,IDBPN,22,23,22,49,8,"BALIKPAPAN BAY ANCH",Indonesia,"Makassar Strait"
Malaysia,"KUALA TERENGGANU",MYTGG,22,11,10,2,8,,Indonesia,"Riau Archipelago"
Indonesia,SURALAYA,IDSRL,22,13,6,1,7,"SURALAYA ANCH",Indonesia,"Java Sea"
Thailand,"OCEAN MARINA",,22,5,9,0,7,,"South-East Asia","Gulf of Thailand"
India,VADINAR,INVAD,21,10,7,17,5.5,"VADINAR ANCH","West Coast India","West Coast India"
Maldives,MALE,MVMLE,21,25,29,11,5,"MALE ANCH","West Coast India","West Coast India"
India,CHENNAI,INMAA,20,19,21,21,5.5,"CHENNAI ANCH","East Coast India","Bengal Bay"
Russia,VOSTOCHNYY,RUVYP,20,15,18,21,10,"NAKHODKA ANCH","CIS Pacific","CIS Pacific"
Russia,VANINO,RUVNN,20,12,12,16,10,"VANINO ANCH","CIS Pacific","Okhotsk Sea"
Indonesia,PANJANG,IDPNJ,20,9,8,10,7,"PANJANG ANCH",Indonesia,"Java Sea"
Indonesia,KALIORANG,IDKLR,20,3,1,4,8,,Indonesia,"Makassar Strait"
Philippines,DAVAO,PHDVO,19,7,8,23,8,"DAVAO ANCH",Philippines,Philippines
Indonesia,TELUKBAYUR,IDTBR,19,9,13,17,7,"TELUKBAYUR ANCH",Indonesia,Indonesia
Malaysia,LABUAN,MYLBU,19,11,18,10,8,"LABUAN ANCH",Indonesia,"Riau Archipelago"
Indonesia,CIREBON,IDCBN,19,7,12,4,7,"CIREBON ANCH",Indonesia,"Java Sea"
Thailand,"MAP TA PHUT ANCH",,19,31,25,2,7,,"South-East Asia","Gulf of Thailand"
Indonesia,MAKASSAR,IDMAK,18,21,19,14,8,"MAKASSAR ANCH",Indonesia,"Java Sea"
Malaysia,"KOTA KINABALU",MYBKI,18,6,7,7,8,"KOTA KINABALU ANCH",Indonesia,"Riau Archipelago"
Philippines,MARIVELES,PHMVS,18,10,6,4,8,"LIMAY ANCH",Philippines,Philippines
Philippines,CARRASCAL,,18,1,5,2,8,,Philippines,Philippines
Malaysia,PANGKOR,MYPGK,18,15,22,1,9,"LUMUT ANCH",Indonesia,"Malacca Strait"
Philippines,"BATANGAS BAY",,18,23,22,0,8,,Philippines,Philippines
Malaysia,"BINTULU ANCH",,18,16,17,0,8,,Indonesia,"Riau Archipelago"
Malaysia,"KUANTAN ANCH",,18,4,5,0,8,,Indonesia,"Riau Archipelago"
Indonesia,BAHUDOPI,IDBAH,17,6,6,28,8,,Indonesia,"Molucca Sea"
Malaysia,"KEMAMAN ANCH",,17,13,12,5,8,,Indonesia,"Riau Archipelago"
Malaysia,"SUNGAI LINGGI",,17,4,2,5,8,,Indonesia,"Malacca Strait"
Indonesia,TARAHAN,IDTRH,17,5,6,4,7,"PANJANG ANCH",Indonesia,"Java Sea"
Vietnam,"HAI PHONG ANCH",,17,25,23,3,7,,"South-East Asia","South-East Asia"
Singapore,RAFFLES,,17,7,7,2,8,,Indonesia,"Singapore Area"
Malaysia,"KUALA KEDAH",MYKKH,17,0,3,1,8,,Indonesia,"Malacca Strait"
Indonesia,SEMARANG,IDSRG,16,11,9,18,7,"SEMARANG ANCH",Indonesia,"Java Sea"
Malaysia,KUANTAN,MYKUA,16,6,6,15,8,"KUANTAN ANCH",Indonesia,"Riau Archipelago"
Malaysia,MIRI,MYMYY,16,14,17,14,8,"MIRI ANCH",Indonesia,"Riau Archipelago"
Indonesia,"PEMANCINGAN ANCH",,16,8,5,12,8,,Indonesia,"Java Sea"
Malaysia,"PORT DICKSON",MYPDI,16,7,9,10,8,"PORT DICKSON ANCH",Indonesia,"Malacca Strait"
Indonesia,"TANJUNG UBAN",IDITN,16,27,28,8,7,"TANJUNG UBAN ANCH",Indonesia,"Singapore Area"
Indonesia,BENGKULU,IDBKS,16,3,3,2,7,"BENGKULU ANCH",Indonesia,Indonesia
Malaysia,KERTIH,MYKET,16,2,2,2,8,"KERTIH ANCH",Indonesia,"Riau Archipelago"
Indonesia,TANGGUH,,16,17,16,1,9,"TANGGUH ANCH",Indonesia,Indonesia
India,"MUNDRA ANCH",,16,7,12,0,5.5,,"West Coast India","West Coast India"
India,KOLKATA,INCCU,15,5,3,13,5.5,"KOLKATA ANCH","East Coast India","Bengal Bay"
India,MANGALORE,INNML,15,8,8,12,5.5,"MANGALORE ANCH","West Coast India","West Coast India"
India,ENNORE,INENR,15,16,16,11,5.5,"ENNORE ANCH","East Coast India","Bengal Bay"
Philippines,"MANILA SOUTH HARBOR",PHMNS,15,14,12,5,8,"MANILA ANCH",Philippines,Philippines
Malaysia,"PORT DICKSON ANCH",,15,4,6,0,8,,Indonesia,"Malacca Strait"
Indonesia,KETAPANG,IDKTG,14,71,66,15,7,,Indonesia,"Java Sea"
Indonesia,TUBAN,IDTBN,14,18,14,12,7,"TUBAN ANCH",Indonesia,"Java Sea"
India,DAHEJ,INDAH,14,4,3,9,5.5,"BHAVNAGAR ANCH","West Coast India","West Coast India"
Indonesia,"MUARA PANTAI",IDMPN,14,1,2,3,8,,Indonesia,"Celebes Sea"
Indonesia,"MUARA SABAK",IDMSK,14,5,8,3,8,,Indonesia,"Java Sea"
Indonesia,"MAKASSAR ANCH",,14,7,9,2,8,,Indonesia,"Java Sea"
India,"HAZIRA ANCH",,14,8,7,1,5.5,,"West Coast India","West Coast India"
Indonesia,"AMAMAPARE ANCH",,14,7,6,0,9,,Indonesia,"Arafura Sea"
Indonesia,"BELAWAN ANCH",,14,8,8,0,7,,Indonesia,"Malacca Strait"
"French Polynesia","BORA BORA",PFBOB,14,2,6,0,-10,,"South Pacific","South Pacific"
India,"KOLKATA ANCH",,14,10,8,0,5.5,,"East Coast India","Bengal Bay"
India,"PARADIP ANCH",,14,15,19,0,5.5,,"East Coast India","Bengal Bay"
"Sri Lanka",GALLE,LKGAL,13,12,11,19,5.5,"GALLE ANCH","East Coast India","Laccadive Sea"
Indonesia,CILACAP,IDCXP,13,4,2,13,7,"CILACAP ANCH",Indonesia,Indonesia
Indonesia,LEMBAR,IDLBR,13,17,23,10,8,"LEMBAR ANCH",Indonesia,"Timor Sea"
Philippines,"CAGAYAN DE ORO",PHCGY,13,11,9,9,8,"CAGAYAN DE ORO ANCH",Philippines,Philippines
Indonesia,"NIPA ANCH",,13,6,6,9,8,,Indonesia,"Singapore Area"
Indonesia,MUNTOK,IDMUO,13,12,13,7,7,"MUNTOK ANCH",Indonesia,"Java Sea"
Vietnam,"DONG NAI",VNDNA,13,8,8,6,8,,"South-East Asia","South-East Asia"
Philippines,"GENERAL SANTOS",PHGES,13,3,1,4,8,,Philippines,Philippines
Thailand,BANGPAKONG,THBGP,13,9,6,3,7,"BANGPAKONG ANCH","South-East Asia","Gulf of Thailand"
"Sri Lanka",TRINCOMALEE,LKTRR,13,1,0,3,5.5,"TRINCOMALEE ANCH","East Coast India","East Coast India"
Indonesia,"BITUNG ANCH",,13,1,2,2,8,,Indonesia,Indonesia
Indonesia,"SURABAYA ANCH",,13,21,18,1,7,,Indonesia,"Java Sea"
India,"MANGALORE ANCH",,13,4,6,0,5.5,,"West Coast India","West Coast India"
Singapore,"PONGGOL COUNTRY CLUB",,13,7,7,0,8,,Indonesia,"Singapore Area"
"French Polynesia","ROTOAVA ANCH",,13,9,6,0,-10,,"South Pacific","South Pacific"
"French Polynesia",TAIOHAE,PFTAI,13,4,5,0,-9.3,,"South Pacific","South Pacific"
Singapore,"TANAH MERAH",,13,47,45,0,8,"SINGAPORE ANCH",Indonesia,"Singapore Area"
Indonesia,BITUNG,IDBIT,12,4,4,12,8,"BITUNG ANCH",Indonesia,Indonesia
Vietnam,"SON DUONG",VNSDP,12,8,4,7,7,,"South-East Asia","South-East Asia"
Malaysia,SAMALAJU,MYSIP,12,2,3,5,8,"SAMALAJU ANCH",Indonesia,"Riau Archipelago"
Malaysia,KUCHING,MYKCH,12,1,3,4,8,"KUCHING ANCH",Indonesia,"Riau Archipelago"
Russia,NEVELSK,RUNEV,12,6,1,4,11,"NEVELSK ANCH","CIS Pacific","Okhotsk Sea"
Thailand,"LAEM CHABANG ANCH",,12,28,28,3,7,,"South-East Asia","Gulf of Thailand"
Indonesia,"KRUENG GEUKUEH",IDKGH,12,1,0,2,7,"LHOKSEUMAWE ANCH",Indonesia,"Malacca Strait"
India,"NAVLAKHI ANCH",,12,11,8,2,5.5,,"West Coast India","West Coast India"
Malaysia,"MALACCA ANCH",,12,13,8,1,8,,Indonesia,"Malacca Strait"
Russia,"SHAKHTERSK ANCH",,12,30,22,1,11,,"CIS Pacific","Okhotsk Sea"
Malaysia,"SUNGAI UDANG",MYSUP,12,3,2,1,8,"MALACCA ANCH",Indonesia,"Malacca Strait"
India,"JAIGAD ANCH",,12,5,5,0,5.5,,"West Coast India","West Coast India"
Malaysia,"LUMUT ANCH",,12,7,4,0,8,,Indonesia,"Malacca Strait"
Thailand,"SONGKHLA ANCH",,12,2,5,0,7,,"South-East Asia","Gulf of Thailand"
Philippines,"SUBIC BAY ANCH",,12,10,10,0,8,,Philippines,Philippines
Brunei,MUARA,BNMUA,11,9,11,30,8,"MUARA ANCH",Indonesia,"Riau Archipelago"
Indonesia,BAKAUHENI,IDTKG,11,97,99,6,7,,Indonesia,"Java Sea"
Indonesia,"ADANG BAY",IDADB,11,2,1,5,8,,Indonesia,"Makassar Strait"
Indonesia,KALBUT,IDKSO,11,2,1,5,7,,Indonesia,"Java Sea"
Indonesia,"TANJUNG BARA",IDTBA,11,18,20,5,8,"TANJUNG BARA ANCH",Indonesia,"Makassar Strait"
Indonesia,"LUBUK GAUNG",,11,6,5,4,7,"DUMAI ANCH",Indonesia,"Malacca Strait"
India,"COCHIN ANCH",,11,18,18,1,5.5,,"West Coast India","West Coast India"
Vietnam,"GO DAU",VNGDA,11,1,3,1,7,,"South-East Asia","South-East Asia"
Thailand,KRABI,THKBV,11,7,6,1,7,,"South-East Asia","Andaman Sea"
Indonesia,"MEULABOH ANCH",,11,8,8,1,7,,Indonesia,Indonesia
Myanmar,THILAWA,MMTLA,11,2,1,1,6.5,"YANGON ANCH","South-East Asia","Andaman Sea"
Indonesia,MARABAHAN,IDMAR,11,0,6,0,8,,Indonesia,"Java Sea"
Malaysia,"PENANG ANCH",,11,4,3,0,8,,Indonesia,"Malacca Strait"
Pakistan,"PORT QASIM ANCH",,11,3,3,0,5,,"West Coast India","West Coast India"
India,"SIKKA ANCH",,11,7,5,0,5.5,,"West Coast India","West Coast India"
India,KRISHNAPATNAM,INKRI,10,12,10,12,5.5,"KRISHNAPATNAM ANCH","East Coast India","Bengal Bay"
India,GANGAVARAM,INGGV,10,4,5,10,5.5,"GANGAVARAM ANCH","East Coast India","Bengal Bay"
India,PIPAVAV,INPAV,10,3,2,10,5.5,"PIPAVAV ANCH","West Coast India","West Coast India"
Cambodia,SIHANOUKVILLE,KHKOS,10,13,7,9,7,"SIHANOUKVILLE ANCH","South-East Asia","Gulf of Thailand"
Thailand,RAYONG,THPKN,10,8,11,6,7,"MAP TA PHUT ANCH","South-East Asia","Gulf of Thailand"
India,DHARAMTAR,INDMT,10,19,17,5,5.5,"MUMBAI ANCH","West Coast India","West Coast India"
Malaysia,PENGERANG,MYPGG,10,27,26,4,8,"PASIR GUDANG ANCH",Indonesia,"Singapore Area"
India,SAGAR,INSGR,10,7,9,4,5.5,,"East Coast India","Bengal Bay"
Thailand,SATTAHIP,THSAT,10,6,5,4,7,"SATTAHIP ANCH","South-East Asia","Gulf of Thailand"
Indonesia,BATULICIN,IDBTW,10,21,24,1,8,,Indonesia,"Java Sea"
India,"KRISHNAPATNAM ANCH",,10,8,7,1,5.5,,"East Coast India","Bengal Bay"
Maldives,"MALE ANCH",,10,3,4,0,5,,"West Coast India","West Coast India"
"French Polynesia","OPUNOHU BAY",,10,5,4,0,-10,,"South Pacific","South Pacific"
Singapore,"PULAU PUNGGOL TIMOR",,10,13,13,0,8,,Indonesia,"Singapore Area"
Indonesia,CIGADING,IDCIG,9,2,3,15,7,"CIWANDAN ANCH",Indonesia,"Java Sea"
Vietnam,"CAM PHA",VNCPH,9,5,10,10,7,"CAM PHA ANCH","South-East Asia","South-East Asia"
Indonesia,TARJUN,IDTAR,9,7,9,9,8,"PEMANCINGAN ANCH",Indonesia,"Java Sea"
India,NAVLAKHI,INNAV,9,6,8,6,5.5,"NAVLAKHI ANCH","West Coast India","West Coast India"
Indonesia,SORONG,IDSOQ,9,1,0,5,9,"SORONG ANCH",Indonesia,Indonesia
Philippines,ILOILO,PHILO,9,15,17,4,8,"ILOILO ANCH",Philippines,"Sulu Sea"
"Sri Lanka",HAMBANTOTA,LKHBA,9,5,5,3,5.5,"HAMBANTOTA ANCH","East Coast India","Laccadive Sea"
Philippines,MATNOG,PHMTN,9,21,21,3,8,,Philippines,Philippines
Russia,SHAKHTERSK,RUSHA,9,22,29,2,11,"SHAKHTERSK ANCH","CIS Pacific","Okhotsk Sea"
Russia,SLAVYANKA,RUSKA,9,7,12,2,10,"SLAVYANKA ANCH","CIS Pacific","CIS Pacific"
Indonesia,AMAMAPARE,IDAMA,9,5,8,1,9,"AMAMAPARE ANCH",Indonesia,"Arafura Sea"
Philippines,"CAGDIANAO ANCH",,9,3,4,1,8,,Philippines,Philippines
"American Samoa","PAGO PAGO",ASPPG,9,0,0,1,-11,"PAGO PAGO ANCH","South Pacific","South Pacific"
Indonesia,"CIWANDAN ANCH",,9,6,10,0,7,,Indonesia,"Java Sea"
Vietnam,"DA NANG ANCH",,9,12,14,0,7,,"South-East Asia","South-East Asia"
Russia,"DUDINKA ANCH",,9,12,12,0,7,,"CIS Pacific","Kara Sea"
Indonesia,"LUBUKTUTUNG ANCH",,9,9,7,0,7,,Indonesia,"Makassar Strait"
Thailand,PATTAYA,THPYX,9,1,1,0,7,,"South-East Asia","Gulf of Thailand"
Brunei,"KUALA BELAIT",BNKUB,8,24,23,11,8,"KUALA BELAIT ANCH",Indonesia,"Riau Archipelago"
India,DHAMRA,INDMQ,8,3,4,10,5.5,"DHAMRA ANCH","East Coast India","Bengal Bay"
Malaysia,"TANJUNG LANGSAT",MYTLA,8,18,17,5,8,"PASIR GUDANG ANCH",Indonesia,"Singapore Area"
Indonesia,AMBON,IDAMQ,8,1,5,4,9,"AMBON ANCH",Indonesia,"Banda Sea"
Indonesia,KAHYANGAN,IDKHY,8,27,25,4,8,,Indonesia,"Timor Sea"
Vietnam,"VUNG ANG",VNVAG,8,10,10,3,7,,"South-East Asia","South-East Asia"
Philippines,ISABEL,PHISL,8,0,1,2,8,"ISABEL ANCH",Philippines,Philippines
Indonesia,MERAUKE,IDMKQ,8,3,2,2,9,"MERAUKE ANCH",Indonesia,"Arafura Sea"
Indonesia,"TANJUNG PINANG",IDTNJ,8,16,18,2,7,"TANJUNG PINANG ANCH",Indonesia,"Singapore Area"
Indonesia,TUAL,IDTUA,8,6,7,2,9,"TUAL ANCH",Indonesia,"Arafura Sea"
Indonesia,"AMBON ANCH",,8,6,5,1,9,,Indonesia,"Banda Sea"
Indonesia,GILIMANUK,IDGIL,8,66,71,1,8,,Indonesia,"Java Sea"
Russia,KOZMINO,RUKOZ,8,7,6,1,10,"NAKHODKA ANCH","CIS Pacific","CIS Pacific"
Russia,"VLADIVOSTOK ANCH",,8,18,19,1,10,,"CIS Pacific","CIS Pacific"
"French Polynesia",ATUONA,PFAUQ,8,0,2,0,-9.5,"ATUONA BAY ANCH","South Pacific","South Pacific"
Philippines,"CALACA ANCH",,8,4,7,0,8,,Philippines,Philippines
"Sri Lanka","COLOMBO ANCH",,8,10,8,0,5.5,,"East Coast India","Laccadive Sea"
India,"KAKINADA ANCH",,8,4,2,0,5.5,,"East Coast India","Bengal Bay"
Malaysia,"STRAITS QUAY",,8,1,2,0,8,,Indonesia,"Malacca Strait"
Indonesia,"TUBAN ANCH",,8,4,7,0,7,,Indonesia,"Java Sea"
Russia,ZARUBINO,RUZAR,7,2,2,10,10,"ZARUBINO ANCH","CIS Pacific","CIS Pacific"
Indonesia,CIWANDAN,IDCIW,7,10,7,7,7,"CIWANDAN ANCH",Indonesia,"Java Sea"
Philippines,DUMAGUETE,PHDGT,7,2,4,3,8,,Philippines,"Sulu Sea"
Russia,KHOLMSK,RUKHO,7,2,3,3,11,"KHOLMSK ANCH","CIS Pacific","Okhotsk Sea"
Malaysia,MELAKA,MYMEA,7,6,8,3,8,"MALACCA ANCH",Indonesia,"Malacca Strait"
Malaysia,"KOTA KINABALU ANCH",,7,8,7,1,8,,Indonesia,"Riau Archipelago"
Indonesia,"MEKAR PUTIH",,7,2,3,1,8,"MEKAR PUTIH ANCH",Indonesia,"Java Sea"
Indonesia,POMAKO,IDPMK,7,1,2,1,9,"AMAMAPARE ANCH",Indonesia,"Arafura Sea"
Malaysia,"TELUK RUBIAH",MYTRB,7,2,5,1,9,"LUMUT ANCH",Indonesia,"Malacca Strait"
Vietnam,"BA NGOI",VNBNO,7,5,6,0,7,"BA NGOI ANCH","South-East Asia","South-East Asia"
Malaysia,"BRUNEI BAY",,7,5,2,0,8,,Indonesia,"Riau Archipelago"
Philippines,"DAVAO ANCH",,7,4,6,0,8,,Philippines,Philippines
India,"DHAMRA ANCH",,7,3,4,0,5.5,,"East Coast India","Bengal Bay"
India,"GANGAVARAM ANCH",,7,2,3,0,5.5,,"East Coast India","Bengal Bay"
Pakistan,"KARACHI ANCH",,7,8,8,0,5,,"West Coast India","West Coast India"
Malaysia,"KERTIH ANCH",,7,1,2,0,8,,Indonesia,"Riau Archipelago"
Indonesia,"MIGAS LNG BATUI",,7,0,0,0,8,,Indonesia,"Molucca Sea"
"New Zealand","MILFORD SOUND",NZMFN,7,6,5,0,12,,"South Pacific","Tasman Sea"
Philippines,"SAN CARLOS",PHSCA,7,3,3,0,8,,Philippines,Philippines
Indonesia,"SURALAYA ANCH",,7,2,3,0,7,,Indonesia,"Java Sea"
Indonesia,"TANGGUH ANCH",,7,2,3,0,9,,Indonesia,Indonesia
Indonesia,"TANJUNG BARA ANCH",,7,15,13,0,8,,Indonesia,"Makassar Strait"
Indonesia,"TELUKBAYUR ANCH",,7,6,5,0,7,,Indonesia,Indonesia
Russia,"VANINO ANCH",,7,8,11,0,10,,"CIS Pacific","Okhotsk Sea"
Thailand,"KO SICHANG",THKSI,6,8,11,35,7,"SRIRACHA ANCH","South-East Asia","Gulf of Thailand"
Indonesia,KUPANG,IDKOE,6,9,6,6,8,"KUPANG ANCH",Indonesia,"Timor Sea"
Indonesia,LAMONGAN,IDLAM,6,3,4,4,7,,Indonesia,"Java Sea"
Indonesia,WAYAME,,6,3,6,4,9,"AMBON ANCH",Indonesia,"Banda Sea"
Philippines,CALACA,PHCAA,6,2,5,3,8,"CALACA ANCH",Philippines,Philippines
Indonesia,PELINTUNG,,6,5,2,3,7,,Indonesia,"Malacca Strait"
Indonesia,SERUI,IDZRI,6,2,4,3,9,,Indonesia,Indonesia
Indonesia,"KUALA TANJUNG",IDKTJ,6,2,6,2,7,,Indonesia,"Malacca Strait"
Indonesia,PROBOLINGGO,IDPRO,6,1,2,2,7,,Indonesia,"Java Sea"
Russia,SOVGAVAN,RUSOG,6,4,3,2,10,"SOVGAVAN ANCH","CIS Pacific","Okhotsk Sea"
Indonesia,"LUBUK TUTUNG",IDLTT,6,5,9,1,8,"LUBUKTUTUNG ANCH",Indonesia,"Makassar Strait"
Philippines,"TAWI TAWI",PHTWT,6,0,0,1,8,,Philippines,"Sulu Sea"
Russia,YUZHNO-MORSKOY,,6,1,1,1,10,"YUZHNO-MORSKOY ANCH","CIS Pacific","CIS Pacific"
Russia,"BERINGOVSKY ANCH",,6,17,21,0,12,,"CIS Pacific","Bering Sea"
India,"BHAVNAGAR NEW PORT",,6,8,10,0,5.5,"BHAVNAGAR ANCH","West Coast India","West Coast India"
Russia,DE-KASTRI,RUDKA,6,0,0,0,10,,"CIS Pacific","Okhotsk Sea"
India,"ENNORE ANCH",,6,3,2,0,5.5,,"East Coast India","Bengal Bay"
Indonesia,"MERAUKE ANCH",,6,0,1,0,9,,Indonesia,"Arafura Sea"
Malaysia,"MIRI ANCH",,6,0,1,0,8,,Indonesia,"Riau Archipelago"
Indonesia,"PANJANG ANCH",,6,6,5,0,7,,Indonesia,"Java Sea"
Malaysia,"SAMALAJU ANCH",,6,1,0,0,8,,Indonesia,"Riau Archipelago"
Malaysia,SUTERA,,6,5,6,0,8,,Indonesia,"Riau Archipelago"
Philippines,"TAGANITO ANCH",,6,2,4,0,8,,Philippines,Philippines
Indonesia,"TANJUNG PANDAN",IDTJQ,6,1,2,0,7,,Indonesia,"Java Sea"
Russia,DUDINKA,RUDUD,5,5,5,9,7,"DUDINKA ANCH","CIS Pacific","Kara Sea"
Philippines,LIMAY,PHLIM,5,7,10,9,8,"LIMAY ANCH",Philippines,Philippines
Thailand,"SURAT THANI",THURT,5,1,4,8,7,"THATHONG ANCH","South-East Asia","Gulf of Thailand"
Indonesia,"OBI ISLAND",IDOBI,5,5,4,6,9,,Indonesia,"Molucca Sea"
India,KATTUPALLI,INKAT,5,4,6,4,5.5,"KATTUPALLI ANCH","East Coast India","Bengal Bay"
India,MAGDALLA,INMDA,5,3,2,4,5.5,"HAZIRA ANCH","West Coast India","West Coast India"
Vietnam,"CHU LAI",VNC8Q,5,3,3,3,7,,"South-East Asia","South-East Asia"
Indonesia,BAYAH,IDBYH,5,2,3,2,7,,Indonesia,Indonesia
India,"BHAVNAGAR ANCH",,5,10,10,2,5.5,,"West Coast India","West Coast India"
Philippines,CAGDIANAO,PHCDN,5,2,2,2,8,"CAGDIANAO ANCH",Philippines,Philippines
Philippines,"CEBU ANCH",,5,5,6,2,8,,Philippines,Philippines
Belgium,EXCELLENCE,,5,9,14,2,6,,"East Coast India","Bengal Bay"
Indonesia,"ASAM ASAM",IDIAM,5,2,3,1,8,,Indonesia,"Java Sea"
Indonesia,BULA,IDBUA,5,2,4,1,9,,Indonesia,Indonesia
Indonesia,JAYAPURA,IDDJJ,5,1,3,1,9,"JAYAPURA ANCH",Indonesia,Indonesia
Indonesia,"KUPANG ANCH",,5,6,5,1,8,,Indonesia,"Timor Sea"
Singapore,TEKONG,,5,58,55,1,8,,Indonesia,"Singapore Area"
Philippines,ZAMBOANGA,PHZAM,5,3,5,1,8,"ZAMBOANGA ANCH",Philippines,"Sulu Sea"
Indonesia,"BANDA ACEH",IDBTJ,5,8,9,0,7,,Indonesia,Indonesia
Thailand,"BANGKOK ANCH",,5,9,8,0,7,,"South-East Asia","Gulf of Thailand"
Indonesia,"BONTANG ANCH",,5,6,5,0,8,,Indonesia,"Makassar Strait"
Philippines,"CAGAYAN DE ORO ANCH",,5,5,5,0,8,,Philippines,Philippines
Indonesia,"CILEGON ANCH",,5,3,2,0,7,,Indonesia,"Java Sea"
Indonesia,"CIREBON ANCH",,5,4,2,0,7,,Indonesia,"Java Sea"
Indonesia,"GALANG ANCH",,5,0,0,0,7,,Indonesia,"Singapore Area"
India,GHOGHA,INGHA,5,1,1,0,5.5,"BHAVNAGAR ANCH","West Coast India","West Coast India"
India,"MORMUGAO ANCH",,5,0,1,0,5.5,,"West Coast India","West Coast India"
Philippines,"ORMOC ANCH",,5,0,1,0,8,,Philippines,Philippines
India,PANAJI,INPAN,5,0,0,0,5.5,"MORMUGAO ANCH","West Coast India","West Coast India"
India,"PIPAVAV ANCH",,5,1,1,0,5.5,,"West Coast India","West Coast India"
Russia,PRAVDA,,5,0,0,0,11,,"CIS Pacific","Okhotsk Sea"
Indonesia,"SEMARANG ANCH",,5,4,5,0,7,,Indonesia,"Java Sea"
Indonesia,"TANJUNG JATI",,5,0,0,0,7,"TANJUNG JATI ANCH",Indonesia,"Java Sea"
Indonesia,"TARAKAN ANCH",,5,2,1,0,8,,Indonesia,"Celebes Sea"
Thailand,"THATHONG ANCH",,5,4,2,0,7,,"South-East Asia","Gulf of Thailand"
Indonesia,"TUAL ANCH",,5,3,4,0,9,,Indonesia,"Arafura Sea"
Philippines,TUBAY,,5,0,0,0,8,,Philippines,Philippines
Vietnam,"QUI NHON",VNUIH,4,4,0,8,7,"QUI NHON ANCH","South-East Asia","South-East Asia"
Indonesia,TARAKAN,IDTRK,4,2,2,8,8,"TARAKAN ANCH",Indonesia,"Celebes Sea"
Philippines,BACOLOD,PHBCD,4,17,19,7,8,"BACOLOD ANCH",Philippines,"Sulu Sea"
Indonesia,"TANJUNG PEMANCINGAN",IDTPN,4,1,1,7,8,"PEMANCINGAN ANCH",Indonesia,"Java Sea"
India,KARAIKAL,INKRK,4,0,0,6,5.5,"KARAIKAL ANCH","East Coast India","Bengal Bay"
Philippines,DALAHICAN,PHQZT,4,7,6,5,8,,Philippines,Philippines
Indonesia,KUMAI,IDKUM,4,1,2,5,7,"KUMAI ANCH",Indonesia,"Java Sea"
Russia,MAGADAN,RUGDX,4,3,3,5,12,"MAGADAN ANCH","CIS Pacific","Okhotsk Sea"
Indonesia,BAUBAU,IDBUW,4,8,8,4,8,,Indonesia,"Banda Sea"
Philippines,CALAPAN,PHCLP,4,25,23,4,8,,Philippines,Philippines
Indonesia,PABELOKAN,,4,6,6,4,7,,Indonesia,"Java Sea"
Indonesia,PAITON,IDPAI,4,2,4,4,7,"PAITON ANCH",Indonesia,"Java Sea"
Russia,PLASTUN,RUPTN,4,1,2,4,10,"PLASTUN ANCH","CIS Pacific","CIS Pacific"
Russia,SEVERO-KURILSK,RUSVK,4,4,2,4,12,"SEVERO-KURILSK ANCH","CIS Pacific","CIS Pacific"
Philippines,ILIGAN,,4,1,0,3,8,,Philippines,Philippines
Russia,"PETROPAVLOVSK ANCH",,4,4,3,3,12,,"CIS Pacific","Bering Sea"
Philippines,SANGI,PHSNG,4,5,5,3,8,"SANGI ANCH",Philippines,Philippines
Indonesia,"SUNGAI PAKNING",IDSEQ,4,0,0,3,7,"SUNGAI PAKNING ANCH",Indonesia,"Malacca Strait"
Philippines,VILLANUEVA,PHVNV,4,1,1,3,8,"CAGAYAN DE ORO ANCH",Philippines,Philippines
Indonesia,WIDURI,IDWID,4,3,2,3,7,,Indonesia,"Java Sea"
Philippines,ALLEN,,4,8,13,2,8,,Philippines,Philippines
Indonesia,BENETE,IDBEN,4,4,2,2,8,"BENETE ANCH",Indonesia,"Timor Sea"
Indonesia,KIJANG,IDKIJ,4,1,1,2,7,"KIJANG ANCH",Indonesia,"Singapore Area"
Philippines,ORMOC,PHORC,4,8,7,2,8,"ORMOC ANCH",Philippines,Philippines
Indonesia,SIBOLGA,IDSLG,4,2,1,2,7,"SIBOLGA ANCH",Indonesia,Indonesia
Indonesia,"SUNGAI PAKNING ANCH",,4,6,7,2,7,,Indonesia,"Malacca Strait"
Philippines,TAGOLOAN,PHTGO,4,1,3,2,8,"CAGAYAN DE ORO ANCH",Philippines,Philippines
Samoa,APIA,WSAPW,4,1,1,1,15,,"South Pacific","South Pacific"
Indonesia,BADAS,IDPBB,4,1,3,1,8,,Indonesia,"Timor Sea"
Philippines,CALBAYOG,PHCBY,4,0,0,1,8,,Philippines,Philippines
Brunei,"KUALA BELAIT ANCH",,4,5,7,1,9,,Indonesia,"Riau Archipelago"
Malaysia,"MARANG JETTY",,4,2,4,1,8,,Indonesia,"Riau Archipelago"
Indonesia,"SENIPAH OIL TERMINAL",IDSPH,4,1,2,1,8,,Indonesia,"Makassar Strait"
Malaysia,"DULANG OIL FIELD",,4,2,2,0,8,,"South-East Asia","Riau Archipelago"
Indonesia,FUTONG,IDFTG,4,3,2,0,8,"FUTONG ANCH",Indonesia,"Malacca Strait"
Philippines,HILONGOS,PHHIL,4,1,1,0,8,,Philippines,Philippines
Vietnam,"HON LA",VNHLP,4,2,4,0,7,,"South-East Asia","South-East Asia"
India,KOLLAM,INQUI,4,0,0,0,5.5,,"West Coast India","Laccadive Sea"
Russia,"KORSAKOV ANCH",,4,5,5,0,11,,"CIS Pacific","Okhotsk Sea"
Malaysia,"KUALA BARAM",MYKBA,4,0,0,0,8,"MIRI ANCH",Indonesia,"Riau Archipelago"
Malaysia,"KUANTAN CITY",,4,0,0,0,8,,Indonesia,"Riau Archipelago"
Philippines,"LIMAY ANCH",,4,17,12,0,8,,Philippines,Philippines
Philippines,LUGAIT,PHLUG,4,1,2,0,8,"LUGAIT ANCH",Philippines,Philippines
Indonesia,"MANGGIS ANCH",,4,8,10,0,8,,Indonesia,Indonesia
Bangladesh,"MONGLA ANCH",,4,0,3,0,6,,"East Coast India","Bengal Bay"
Indonesia,"MUNTOK ANCH",,4,3,2,0,7,,Indonesia,"Java Sea"
Russia,"NEVELSK ANCH",,4,3,4,0,11,,"CIS Pacific","Okhotsk Sea"
Tonga,"NUKU ALOFA",TOTBU,4,0,1,0,13,"NUKU ALOFA ANCH","South Pacific","South Pacific"
Philippines,OZAMIZ,PHOZC,4,2,2,0,8,"OZAMIZ ANCH",Philippines,Philippines
Indonesia,"PAITON ANCH",,4,1,2,0,7,,Indonesia,"Java Sea"
Indonesia,"PANGKALAN SUSU ANCH",,4,1,1,0,7,,Indonesia,"Malacca Strait"
Thailand,PATTANI,THPTN,4,0,1,0,7,,"South-East Asia","Riau Archipelago"
Russia,PODYAPOLSKIY,,4,6,5,0,10,"PODYAPOLSKIY ANCH","CIS Pacific","CIS Pacific"
Russia,POSYET,RUPSE,4,3,3,0,10,"POSYET ANCH","CIS Pacific","CIS Pacific"
Russia,"PRIGORODNOYE ANCH",,4,6,6,0,11,,"CIS Pacific","Okhotsk Sea"
Vietnam,"QUI NHON ANCH",,4,0,1,0,7,,"South-East Asia","South-East Asia"
Russia,"SOVGAVAN ANCH",,4,1,3,0,10,,"CIS Pacific","Okhotsk Sea"
"French Polynesia","VAIARE HARBOR",,4,12,15,0,-10,,"South Pacific","South Pacific"
Philippines,"VIRAC ANCH",,4,0,0,0,8,,Philippines,Philippines
Indonesia,BALONGAN,IDBAL,3,3,3,9,7,,Indonesia,"Java Sea"
Philippines,TAGBILARAN,PHTAG,3,3,4,6,8,"TAGBILARAN ANCH",Philippines,Philippines
Indonesia,KELANIS,,3,9,5,5,7,,Indonesia,Indonesia
Indonesia,TERNATE,IDTTE,3,15,16,5,9,"TERNATE ANCH",Indonesia,"Molucca Sea"
Indonesia,BIRINGKASSI,IDBIR,3,2,2,4,8,"BIRINGKASSI ANCH",Indonesia,"Java Sea"
Indonesia,BUNYU,IDBYQ,3,0,1,4,8,,Indonesia,"Celebes Sea"
Thailand,"KOH SAMUI",THKSM,3,6,7,4,7,"KO SAMUI ANCH","South-East Asia","Gulf of Thailand"
Timor-Leste,DILI,TLDIL,3,1,1,3,9,"DILI ANCH",Indonesia,"Timor Sea"
Philippines,LIPATA,,3,10,10,3,8,,Philippines,Philippines
Indonesia,LUWUK,IDLUW,3,1,3,3,8,"LUWUK ANCH",Indonesia,"Molucca Sea"
Indonesia,MANGGIS,IDMGB,3,7,7,3,8,"MANGGIS ANCH",Indonesia,Indonesia
India,KARWAR,INKRW,3,0,0,2,5.5,"KARWAR BAY","West Coast India","West Coast India"
Indonesia,NAMLEA,IDNAM,3,2,3,2,9,,Indonesia,"Molucca Sea"
Indonesia,"PANGKAL BALAM",IDPGX,3,0,1,2,7,,Indonesia,"Java Sea"
Russia,ANADYR,RUDYR,3,3,1,1,12,,"CIS Pacific","Bering Sea"
Australia,"BAYU UNDAN",,3,3,3,1,8,,Indonesia,"Timor Sea"
Vietnam,"CHAN MAY",VNCMY,3,1,1,1,7,"CHAN MAY ANCH","South-East Asia","South-East Asia"
Philippines,DUMANGAS,,3,17,17,1,8,,Philippines,"Sulu Sea"
India,JAFRABAD,INJBD,3,2,2,1,5.5,"JAFRABAD ANCH","West Coast India","West Coast India"
Indonesia,KAIMANA,,3,1,3,1,9,,Indonesia,"Arafura Sea"
Russia,"KHOLMSK ANCH",,3,2,5,1,11,,"CIS Pacific","Okhotsk Sea"
Philippines,"LILOAN FERRY",,3,2,3,1,8,,Philippines,Philippines
Brunei,"MUARA ANCH",,3,4,4,1,8,,Indonesia,"Riau Archipelago"
Philippines,NAGA,,3,1,0,1,8,"NAGA ANCH",Philippines,Philippines
Malaysia,"PANGKOR MARINA",,3,15,13,1,9,,Indonesia,"Malacca Strait"
Thailand,"SAMUT SAKHON",THSAU,3,3,1,1,7,"SAMUT SAKHON ANCH","South-East Asia","Gulf of Thailand"
Thailand,"SAMUT SAKHON ANCH",,3,2,4,1,7,,"South-East Asia","Gulf of Thailand"
Philippines,"SEMIRARA ANCH",,3,6,6,1,8,,Philippines,"Sulu Sea"
India,"VADINAR ANCH",,3,5,6,1,5.5,,"West Coast India","West Coast India"
Malaysia,AMLC,,3,0,1,0,8,,Indonesia,"Malacca Strait"
Thailand,"AO POH GRAND MARINA",,3,1,0,0,7,,"South-East Asia","Andaman Sea"
Indonesia,"BENGKULU ANCH",,3,2,3,0,7,,Indonesia,Indonesia
India,BEYPORE,INBEY,3,1,0,0,5.5,"BEYPORE ANCH","West Coast India","West Coast India"
Thailand,"BUALUANG OILFIELD",THRVT,3,0,0,0,7,,"South-East Asia","Gulf of Thailand"
"Christmas Is","CHRISTMAS ISLAND",CXXCH,3,2,3,0,7,"CHRISTMAS ISLE ANCH",Indonesia,Indonesia
Indonesia,"CILACAP ANCH",,3,2,3,0,7,,Indonesia,Indonesia
"Marshall Islands","CS PROSPERITY",,3,1,2,0,7,,Indonesia,"Singapore Area"
Philippines,"ILOILO ANCH",,3,0,1,0,8,,Philippines,"Sulu Sea"
Indonesia,"JAYAPURA ANCH",,3,0,2,0,9,,Indonesia,Indonesia
Philippines,JIMENEZ,PHJNZ,3,1,0,0,8,,Philippines,Philippines
Russia,KHABAROVSK,RUKHV,3,2,0,0,10,,"CIS Pacific","Okhotsk Sea"
Malaysia,KIMANIS,MYKIM,3,1,0,0,8,,Indonesia,"Riau Archipelago"
Malaysia,"LANGKAWI ANCH",,3,0,0,0,8,,"South-East Asia","Malacca Strait"
Indonesia,"LEMBAR ANCH",,3,8,8,0,8,,Indonesia,"Timor Sea"
Indonesia,"MEKAR PUTIH ANCH",,3,5,5,0,8,,Indonesia,"Java Sea"
Thailand,MEKLONG,THMEK,3,1,2,0,7,,"South-East Asia","Gulf of Thailand"
Palau,MELEKEOK,PWMKK,3,2,0,0,8,,Indonesia,Indonesia
Indonesia,NABIRE,IDNBX,3,0,1,0,9,,Indonesia,Indonesia
Philippines,"NAGA ANCH",,3,1,1,0,8,,Philippines,Philippines
Philippines,PALOMPON,PHPPN,3,0,0,0,8,,Philippines,Philippines
Philippines,PLARIDEL,PHPLA,3,1,0,0,8,,Philippines,Philippines
India,PORBANDAR,INPBD,3,0,1,0,5.5,"PORBANDAR ANCH","West Coast India","West Coast India"
Malaysia,REBAK,,3,0,0,0,8,,Indonesia,"Malacca Strait"
Philippines,"SANTA CRUZ",PHSCR,3,0,0,0,8,,Philippines,Philippines
Indonesia,"SANTAN TERMINAL",IDSAT,3,1,1,0,8,,Indonesia,"Makassar Strait"
Russia,"SEVERO-KURILSK ANCH",,3,3,4,0,12,,"CIS Pacific","CIS Pacific"
Russia,"SLAVYANKA ANCH",,3,7,6,0,10,,"CIS Pacific","CIS Pacific"
Indonesia,"SORONG ANCH",,3,1,1,0,9,,Indonesia,Indonesia
Philippines,"TAGBILARAN ANCH",,3,0,3,0,8,,Philippines,Philippines
Malaysia,"TAWAU ANCH",,3,1,0,0,8,,Indonesia,"Celebes Sea"
Indonesia,TEGAL,IDTEG,3,0,2,0,7,,Indonesia,"Java Sea"
"Sri Lanka","TRINCOMALEE ANCH",,3,0,2,0,5.5,,"East Coast India","East Coast India"
Philippines,VIRAC,PHVRC,3,1,2,0,8,"VIRAC ANCH",Philippines,Philippines
Vietnam,VISSAI,,3,4,5,0,8,,"South-East Asia","South-East Asia"
Indonesia,WEDA,IDWED,2,1,1,14,9,,Indonesia,"Molucca Sea"
Vietnam,"CAN THO",VNVCA,2,0,0,4,7,,"South-East Asia","South-East Asia"
India,GOPALPUR,INGPR,2,0,0,4,5.5,,"East Coast India","Bengal Bay"
India,MULDWARKA,INMDK,2,1,0,4,5.5,"MULDWARKA ANCH","West Coast India","West Coast India"
Indonesia,"POTO TANO",IDPOT,2,18,17,4,8,,Indonesia,"Timor Sea"
Russia,PRIGORODNOYE,RUPGN,2,4,6,4,11,"PRIGORODNOYE ANCH","CIS Pacific","Okhotsk Sea"
Philippines,SEMIRARA,PHSMR,2,5,5,4,8,"SEMIRARA ANCH",Philippines,"Sulu Sea"
Philippines,CARMEN,,2,0,1,3,8,,Philippines,Philippines
Philippines,CATICLAN,PHMPH,2,5,5,3,8,,Philippines,"Sulu Sea"
Philippines,DANGAY,,2,4,4,3,8,,Philippines,"Sulu Sea"
Malaysia,"FPSO KIKEH",,2,3,4,3,8,,Indonesia,"Riau Archipelago"
Indonesia,GEBE,IDGEB,2,0,1,3,9,,Indonesia,Indonesia
Indonesia,JAMBI,IDDJB,2,0,1,3,7,,Indonesia,"Java Sea"
Indonesia,KENDAWANGAN,,2,0,1,3,7,,Indonesia,"Java Sea"
Indonesia,PADANGBAI,,2,14,14,3,8,,Indonesia,Indonesia
Indonesia,"PARE PARE",IDPAP,2,3,3,3,8,,Indonesia,"Java Sea"
Indonesia,BIAK,IDBIK,2,3,4,2,9,,Indonesia,Indonesia
Russia,KHANDYGA,,2,0,1,2,9,,"CIS Pacific","Okhotsk Sea"
Indonesia,KOLAKA,IDKOL,2,3,3,2,8,"KOLAKA ANCH",Indonesia,"Banda Sea"
Indonesia,MANOKWARI,IDMKW,2,1,3,2,9,"MANOKWARI ANCH",Indonesia,Indonesia
Indonesia,MEULABOH,IDMEQ,2,1,1,2,7,"MEULABOH ANCH",Indonesia,Indonesia
Indonesia,"MUARA SATUI",IDSTU,2,6,4,2,8,,Indonesia,"Java Sea"
Philippines,ODIONGAN,PHODI,2,3,3,2,8,,Philippines,Philippines
Indonesia,PERAWANG,IDPWG,2,1,2,2,7,,Indonesia,"Malacca Strait"
Philippines,"PIO DURAN",,2,2,2,2,8,,Philippines,Philippines
Indonesia,SAUMLAKI,IDSXK,2,2,1,2,9,"SAUMLAKI ANCH",Indonesia,"Banda Sea"
Philippines,TABACO,PHTBC,2,0,1,2,8,"TABACO ANCH",Philippines,Philippines
Indonesia,"TELUK SEMANGKA",IDSMB,2,1,1,2,7,"TELUK SEMANGKA ANCH",Indonesia,"Java Sea"
India,VIZHINJAM,INVZJ,2,0,1,2,5.5,"VIZHINJAM ANCH","East Coast India","Laccadive Sea"
Philippines,BULALACAO,,2,1,1,1,8,,Philippines,"Sulu Sea"
Indonesia,GARONGKONG,,2,1,1,1,8,"GARONGKONG ANCH",Indonesia,"Java Sea"
Indonesia,JEPARA,IDJEP,2,1,0,1,7,,Indonesia,"Java Sea"
Indonesia,"LHOKSEUMAWE ANCH",,2,1,2,1,7,,Indonesia,"Malacca Strait"
Philippines,MAUBAN,PHMAU,2,0,0,1,8,,Philippines,Philippines
Russia,NIZHNEYANSK,,2,1,0,1,10,,"CIS Pacific","Laptev Sea"
Indonesia,RAHA,IDRAQ,2,1,1,1,8,,Indonesia,"Banda Sea"
"Cook Islands",RAROTONGA,CKRAR,2,1,2,1,-10,"RAROTONGA ANCH","South Pacific","South Pacific"
Brunei,"SERIA TERMINAL ANCH",,2,1,1,1,8,,Indonesia,"Riau Archipelago"
Liberia,AURORA,,2,3,5,0,7,,"South-East Asia","Gulf of Thailand"
Philippines,BALATERO,,2,3,3,0,8,,Philippines,Philippines
Indonesia,BIMA,IDBMU,2,0,0,0,8,,Indonesia,"Timor Sea"
Indonesia,"BIRINGKASSI ANCH",,2,3,2,0,8,,Indonesia,"Java Sea"
Russia,"BOLSHOY KAMEN",RUBKN,2,0,0,0,10,"BOLSHOY KAMEN ANCH","CIS Pacific","CIS Pacific"
Vietnam,"CHAN MAY ANCH",,2,2,2,0,7,,"South-East Asia","South-East Asia"
Malaysia,CHENDERING,,2,1,0,0,8,,Indonesia,"Riau Archipelago"
"Marshall Islands","CS INNOVATION",,2,2,0,0,7,,Indonesia,"Singapore Area"
India,"CUDDALORE ANCH",,2,0,0,0,5.5,,"East Coast India","Bengal Bay"
"French Polynesia","FATU HIVA",PFFAT,2,1,2,0,-9.5,"FATU HIVA ANCH","South Pacific","South Pacific"
"Sri Lanka","GALLE ANCH",,2,3,4,0,5.5,,"East Coast India","Laccadive Sea"
Philippines,HAGNAYA,PHHYB,2,5,7,0,8,,Philippines,Philippines
Russia,ISLYAMOVA,,2,0,0,0,10,,"CIS Pacific","CIS Pacific"
Philippines,KAONGKOD,,2,0,0,0,8,,Philippines,Philippines
Indonesia,"KARAPAN ARMADA STERL",,2,0,2,0,7,,Indonesia,"Java Sea"
Indonesia,"LAWE LAWE",IDLLA,2,1,3,0,8,"LAWE LAWE ANCH",Indonesia,"Makassar Strait"
India,MINICOY,INMCI,2,1,0,0,5.5,,"West Coast India","West Coast India"
India,OKHA,INOKH,2,0,0,0,5.5,"OKHA ANCH","West Coast India","West Coast India"
Russia,"OKHOTSK ANCH",,2,0,0,0,10,,"CIS Pacific","Okhotsk Sea"
Philippines,"OZAMIZ ANCH",,2,0,0,0,8,,Philippines,Philippines
Indonesia,PANTOLOAN,IDPTL,2,1,1,0,8,,Indonesia,"Makassar Strait"
Philippines,"S FERNANDO CEBU ANCH",,2,0,2,0,9,,Philippines,Philippines
Indonesia,"SAMPIT ANCH",,2,6,4,0,7,,Indonesia,"Java Sea"
Malaysia,"SANDAKAN ANCH",,2,1,0,0,8,,Indonesia,"Sulu Sea"
Philippines,"SANGI ANCH",,2,0,0,0,8,,Philippines,Philippines
Malaysia,SARIKEI,MYSAR,2,1,1,0,8,"SARIKEI ANCH",Indonesia,"Riau Archipelago"
Cambodia,"SIHANOUKVILLE ANCH",,2,4,1,0,7,,"South-East Asia","Gulf of Thailand"
Russia,"SVETLAYA ANCH",,2,1,2,0,10,,"CIS Pacific","Okhotsk Sea"
Malaysia,"TELOK RAMUNIA",MYTRM,2,2,1,0,8,,Indonesia,"Singapore Area"
Indonesia,"TELUK SEMANGKA ANCH",,2,0,0,0,7,,Indonesia,"Java Sea"
Russia,TILICHIKI,RUTIL,2,5,7,0,12,,"CIS Pacific","Bering Sea"
Indonesia,TOBELO,IDTBO,2,1,1,0,9,,Indonesia,Indonesia
India,"TUTICORIN ANCH",,2,0,1,0,5.5,,"East Coast India","Laccadive Sea"
"French Polynesia",UTUROA,PFUTU,2,4,4,0,-10,,"South Pacific","South Pacific"
Indonesia,WINI,,2,0,0,0,8,,Indonesia,"Timor Sea"
Myanmar,"YANGON ANCH",,2,1,2,0,6.5,,"South-East Asia","Andaman Sea"
Philippines,SURIGAO,PHSUG,1,4,4,14,8,"SURIGAO ANCH",Philippines,Philippines
Bangladesh,MONGLA,BDMGL,1,1,1,6,6,"MONGLA ANCH","East Coast India","Bengal Bay"
Vietnam,"LONG AN",VNLAP,1,0,1,4,7,,"South-East Asia","South-East Asia"
Malaysia,TAWAU,MYTWU,1,0,1,4,8,"TAWAU ANCH",Indonesia,"Celebes Sea"
Indonesia,BADE,IDBXD,1,1,0,3,9,,Indonesia,"Arafura Sea"
Indonesia,MALAHAYATI,,1,0,1,3,7,"MALAHAYATI ANCH",Indonesia,"Malacca Strait"
Vietnam,"MY THO",VNMUT,1,0,0,3,7,,"South-East Asia","South-East Asia"
Malaysia,SANDAKAN,MYSDK,1,3,1,3,8,"SANDAKAN ANCH",Indonesia,"Sulu Sea"
Indonesia,"GAGAK RIMANG",,1,3,4,2,7,,Indonesia,"Java Sea"
Malaysia,SIBU,MYSBW,1,0,0,2,8,,Indonesia,"Riau Archipelago"
Indonesia,SINABANG,IDSNG,1,1,0,2,7,,Indonesia,Indonesia
Philippines,TACLOBAN,PHTAC,1,0,0,2,8,"TACLOBAN ANCH",Philippines,Philippines
Indonesia,TOLITOLI,IDTLI,1,0,1,2,8,"TOLITOLI ANCH",Indonesia,"Celebes Sea"
Indonesia,AMPENAN,IDAMP,1,1,1,1,8,"AMPENAN ANCH",Indonesia,"Timor Sea"
Indonesia,AMURANG,IDTZD,1,0,1,1,8,,Indonesia,"Celebes Sea"
Indonesia,ANGGREK,IDAGR,1,0,0,1,8,,Indonesia,"Celebes Sea"
Indonesia,"ANOA NATUNA",,1,2,3,1,8,,Indonesia,"Riau Archipelago"
Russia,BOSHNYAKOVO,RUBOS,1,0,0,1,11,"BOSHNYAKOVO ANCH","CIS Pacific","Okhotsk Sea"
Indonesia,DOBO,IDDOB,1,1,1,1,9,,Indonesia,"Arafura Sea"
Malaysia,"FSO SEPAT",,1,6,6,1,7,,"South-East Asia","Riau Archipelago"
Indonesia,JAMPEA,,1,1,2,1,8,,Indonesia,"Banda Sea"
Thailand,KANTANG,THKAN,1,0,0,1,7,,"South-East Asia","Andaman Sea"
Thailand,"KO SAMUI ANCH",,1,2,3,1,7,,"South-East Asia","Gulf of Thailand"
Malaysia,KUNAK,MYKUN,1,0,0,1,8,"KUNAK ANCH",Indonesia,"Celebes Sea"
Indonesia,LABUANABAJO,IDLBJ,1,2,2,1,8,,Indonesia,"Timor Sea"
Indonesia,LIKUPANG,,1,1,0,1,8,,Indonesia,Indonesia
Philippines,MAASIN,PHMAA,1,0,0,1,8,,Philippines,Philippines
Vietnam,"NHA TRANG",VNNHA,1,0,0,1,7,,"South-East Asia","South-East Asia"
Indonesia,NUNUKAN,IDNNX,1,1,1,1,8,,Indonesia,"Celebes Sea"
Japan,OSHIDOMARI,JPOSD,1,2,2,1,9,,"CIS Pacific","CIS Pacific"
Indonesia,"PANGKALAN SUSU",IDPKS,1,1,0,1,7,"PANGKALAN SUSU ANCH",Indonesia,"Malacca Strait"
Malaysia,"PFLNG SATU",,1,4,4,1,8,,Indonesia,"Riau Archipelago"
Philippines,"PUERTO PRINCESA",PHPPS,1,1,0,1,9,,Philippines,"Sulu Sea"
India,RATNAGIRI,INRTC,1,0,0,1,5.5,"RATNAGIRI ANCH","West Coast India","West Coast India"
Indonesia,SANGATA,IDSGQ,1,0,1,1,8,,Indonesia,"Makassar Strait"
Malaysia,SIPITANG,MYSPT,1,0,0,1,8,,Indonesia,"Riau Archipelago"
Philippines,TUBIGON,PHTON,1,11,11,1,8,,Philippines,Philippines
Indonesia,WAINGAPU,IDWGP,1,1,1,1,8,"WAINGAPU ANCH",Indonesia,"Timor Sea"
Maldives,ADDU,MVADU,1,0,1,0,5,,"West Coast India","West Coast India"
Niue,"ALOFI ANCH",,1,0,1,0,-11,,"South Pacific","South Pacific"
Indonesia,AMAHAI,IDAHI,1,0,0,0,9,,Indonesia,"Banda Sea"
Indonesia,ATAPUPU,,1,0,0,0,8,,Indonesia,"Timor Sea"
Vietnam,"BA NGOI ANCH",,1,5,6,0,7,,"South-East Asia","South-East Asia"
Philippines,"BACOLOD ANCH",,1,1,2,0,8,,Philippines,"Sulu Sea"
Indonesia,BALOHAN,IDBLH,1,4,5,0,7,,Indonesia,"Malacca Strait"
Indonesia,BANYUWANGI,IDBJU,1,0,0,0,7,,Indonesia,"Java Sea"
Philippines,BAYBAY,PHBYB,1,1,0,0,8,,Philippines,Philippines
Indonesia,"BENOA ANCH",,1,8,7,0,8,,Indonesia,Indonesia
Russia,"BOLSHOY KAMEN ANCH",,1,0,0,0,10,,"CIS Pacific","CIS Pacific"
Philippines,BONGAO,,1,1,1,0,8,,Philippines,"Celebes Sea"
Indonesia,"CELUKAN BAWANG",IDCEB,1,1,1,0,8,"CELUKAN BAWANG ANCH",Indonesia,"Java Sea"
Russia,CHAZHMA,,1,0,0,0,10,"CHAZHMA ANCH","CIS Pacific","CIS Pacific"
India,DABHOL,INDHP,1,0,0,0,5.5,,"West Coast India","West Coast India"
Philippines,DAPA,,1,2,1,0,8,,Philippines,Philippines
Philippines,"DAPITAN ANCH",,1,0,0,0,8,,Philippines,"Sulu Sea"
Philippines,"DAVAO THERMA SOUTH",,1,1,2,0,9,,Philippines,Philippines
India,DIGHI,INDIG,1,0,0,0,5.5,"DIGHI ANCH","West Coast India","West Coast India"
India,DWARKA,INDWA,1,0,0,0,5.5,,"West Coast India","West Coast India"
Indonesia,"ENDE ANCH",,1,0,1,0,8,,Indonesia,"Timor Sea"
Malaysia,"FLNG DUA",,1,1,1,0,8,,Indonesia,"Riau Archipelago"
Malaysia,"FOUR RAINBOW",,1,2,2,0,8,,Indonesia,"Riau Archipelago"
Pakistan,GWADAR,PKGWD,1,0,0,0,5,,"West Coast India","West Coast India"
"Sri Lanka","HAMBANTOTA ANCH",,1,3,3,0,5.5,,"East Coast India","Laccadive Sea"
Timor-Leste,HERA,,1,0,0,0,9,,Indonesia,"Timor Sea"
Vietnam,"HYUNDAI VINASHIN",VNVSS,1,0,0,0,7,,"South-East Asia","South-East Asia"
Philippines,JAGNA,PHJAG,1,2,2,0,8,,Philippines,Philippines
India,JAKHAU,INJAK,1,0,0,0,5.5,,"West Coast India","West Coast India"
Thailand,"KO SIMILAN",,1,0,0,0,7,,"South-East Asia","Andaman Sea"
Russia,KONYUSHKOVA,,1,0,1,0,10,,"CIS Pacific","CIS Pacific"
Malaysia,"KUCHING ANCH",,1,1,0,0,8,,Indonesia,"Riau Archipelago"
Malaysia,"KUNAK ANCH",,1,0,0,0,8,,Indonesia,"Celebes Sea"
Indonesia,LARANTUKA,IDLKA,1,1,1,0,8,"LARANTUKA ANCH",Indonesia,"Banda Sea"
Singapore,"LEWEK EMAS",,1,4,4,0,7,,Indonesia,"Riau Archipelago"
Indonesia,LEWOLEBA,IDLWE,1,0,1,0,8,"LEWOLEBA ANCH",Indonesia,"Banda Sea"
Philippines,MAASIM,,1,0,0,0,9,,Philippines,Philippines
Indonesia,MALILI,IDMLI,1,0,1,0,8,"MALILI ANCH",Indonesia,"Molucca Sea"
Indonesia,"MALILI ANCH",,1,1,0,0,8,,Indonesia,"Banda Sea"
India,MALPE,INMAL,1,0,0,0,5.5,,"West Coast India","West Coast India"
Indonesia,MANADO,IDMDC,1,0,0,0,8,,Indonesia,"Celebes Sea"
Liberia,"MANORA PRINCESS",,1,1,2,0,7,,"South-East Asia","Gulf of Thailand"
"Wallis Futuna Is","MATA UTU",WFMAU,1,0,0,0,12,,"South Pacific","South Pacific"
Indonesia,MELONGUANNE,IDMNA,1,1,1,0,9,,Indonesia,Indonesia
India,"MULDWARKA ANCH",,1,0,1,0,5.5,,"West Coast India","West Coast India"
Indonesia,NAMODALE,,1,0,1,0,8,,Indonesia,"Timor Sea"
Philippines,NASIPIT,PHNAS,1,2,1,0,8,,Philippines,Philippines
India,"OKHA ANCH",,1,0,0,0,5.5,,"West Coast India","West Coast India"
India,"OLD MANGALORE",,1,0,0,0,5.5,,"West Coast India","West Coast India"
Indonesia,PALOPO,IDPPO,1,0,0,0,8,"PALOPO ANCH",Indonesia,"Banda Sea"
Philippines,"PASACAO ANCH",,1,0,1,0,8,,Philippines,Philippines
Indonesia,"PERTAMINA ABHERKA",,1,2,2,0,7,,Indonesia,"Java Sea"
Russia,PEVEK,RUPWE,1,0,0,0,11,"PEVEK ANCH","CIS Pacific","East Siberian Sea"
Thailand,"PHUKET ANCH",,1,0,1,0,7,,"South-East Asia","Andaman Sea"
India,PILIGAO,,1,0,0,0,5.5,"MORMUGAO ANCH","West Coast India","West Coast India"
"Pitcairn Is",PITCAIRN,PNPCN,1,2,3,0,-8,,"South Pacific","South Pacific"
India,PONDICHERRY,INPNY,1,0,0,0,5.5,,"East Coast India","Bengal Bay"
Indonesia,"PONTIANAK ANCH",,1,7,3,0,7,,Indonesia,"Java Sea"
Philippines,"PORT OF CAPINPIN",,1,0,1,0,8,,Philippines,Philippines
Russia,"POSYET ANCH",,1,3,2,0,10,,"CIS Pacific","CIS Pacific"
Russia,PROVIDENIYA,RUPVS,1,0,0,0,12,,"CIS Pacific","Bering Sea"
Philippines,"PUERTO GALERA",PHPGA,1,1,1,0,8,,Philippines,Philippines
Indonesia,"PULAU SAMBU",IDPSS,1,0,0,0,7,,Indonesia,"Singapore Area"
Thailand,RANONG,THUNN,1,0,0,0,7,,"South-East Asia","Andaman Sea"
India,REVDANDA,INRVD,1,0,0,0,5.5,,"West Coast India","West Coast India"
"French Polynesia",ROTOAVA,,1,2,0,0,-10,"ROTOAVA ANCH","South Pacific","South Pacific"
Indonesia,SABANG,IDSBG,1,0,1,0,7,"SABANG ANCH",Indonesia,"Malacca Strait"
Philippines,"SAN FERNANDO CEBU",,1,0,0,0,9,"S FERNANDO CEBU ANCH",Philippines,Philippines
Philippines,"SAN RICARDO",,1,1,1,0,8,,Philippines,Philippines
Thailand,"SATTAHIP ANCH",,1,1,0,0,7,,"South-East Asia","Gulf of Thailand"
Indonesia,"SAUMLAKI ANCH",,1,1,1,0,9,,Indonesia,"Banda Sea"
Indonesia,SEBA,,1,0,0,0,8,,Indonesia,"Timor Sea"
Malaysia,"SILICA PORT SETIU",,1,0,0,0,8,,Indonesia,"Riau Archipelago"
Philippines,"TABACO ANCH",,1,0,1,0,8,,Philippines,Philippines
Philippines,TABUELAN,,1,4,4,0,8,,Philippines,Philippines
Philippines,TAGANITO,PHTTO,1,3,3,0,8,"TAGANITO ANCH",Philippines,Philippines
Philippines,TALIBON,PHTAL,1,0,1,0,8,,Philippines,Philippines
Indonesia,"TANJUNG JATI ANCH",,1,1,0,0,7,,Indonesia,"Java Sea"
Indonesia,"TANJUNG KLUANG",,1,0,0,0,7,,Indonesia,"Java Sea"
Indonesia,"TANJUNG SABAU",,1,0,0,0,8,,Indonesia,"Makassar Strait"
Indonesia,"TANJUNG SELOR",IDTJS,1,0,0,0,8,,Indonesia,"Celebes Sea"
Thailand,"THAP LAMU",,1,0,0,0,7,,"South-East Asia","Andaman Sea"
Vietnam,"VIETSOVPETRO 01",,1,0,1,0,7,,"South-East Asia","South-East Asia"
Philippines,"ZAMBOANGA ANCH",,1,2,1,0,8,,Philippines,"Sulu Sea"
Russia,"ZARUBINO ANCH",,1,1,2,0,10,,"CIS Pacific","CIS Pacific"
Russia,OKHOTSK,RUOHO,0,0,0,7,10,"OKHOTSK ANCH","CIS Pacific","Okhotsk Sea"
India,BHAVNAGAR,INBHU,0,0,0,6,5.5,"BHAVNAGAR ANCH","West Coast India","West Coast India"
Indonesia,KOTABARU,IDKBU,0,2,0,5,8,"PEMANCINGAN ANCH",Indonesia,"Java Sea"
India,ALANG,INALA,0,0,0,4,5.5,,"West Coast India","West Coast India"
Malaysia,"LAHAD DATU",MYLDU,0,1,0,4,8,"LAHAD DATU ANCH",Indonesia,"Celebes Sea"
Thailand,PRACHUAP,THPKK,0,0,0,4,7,"PRACHUAP ANCH","South-East Asia","Gulf of Thailand"
USA,ADAK,USADK,0,3,3,3,-8,,"CIS Pacific","CIS Pacific"
Philippines,DAPITAN,,0,6,5,3,8,"DAPITAN ANCH",Philippines,"Sulu Sea"
Indonesia,GORONTALO,IDGTO,0,0,0,3,8,,Indonesia,"Molucca Sea"
Indonesia,KARIMUN,,0,0,0,3,8,,Indonesia,"Singapore Area"
Myanmar,KYAUKPYU,MMKYP,0,2,2,3,6.5,,"South-East Asia","Bengal Bay"
Philippines,"ABRA DE ILOG",,0,9,8,2,8,,Philippines,Philippines
Indonesia,ASIKE,IDASI,0,0,0,2,9,,Indonesia,"Arafura Sea"
Indonesia,BABANG,,0,1,0,2,9,,Indonesia,"Molucca Sea"
Indonesia,ENDE,IDENE,0,1,0,2,8,"ENDE ANCH",Indonesia,"Timor Sea"
Indonesia,KALABAHI,IDKBH,0,1,1,2,8,"KALABAHI ANCH",Indonesia,"Banda Sea"
Indonesia,KUPAL,,0,3,3,2,9,,Indonesia,"Molucca Sea"
India,MAHE,INMAH,0,0,0,2,5.5,,"West Coast India","West Coast India"
Indonesia,"MUARA JAWA",IDMUD,0,2,2,2,8,,Indonesia,"Makassar Strait"
Indonesia,PACITAN,ID5PP,0,0,0,2,7,"PACITAN ANCH",Indonesia,Indonesia
Indonesia,AIMERE,,0,0,0,1,8,,Indonesia,"Timor Sea"
Singapore,"ARMADA STERLING II",,0,3,3,1,5,,"West Coast India","West Coast India"
Indonesia,BAJOE,,0,4,2,1,8,,Indonesia,"Banda Sea"
Indonesia,BAKAU,,0,1,0,1,8,,Indonesia,"Makassar Strait"
Indonesia,"BANDA NEIRA",IDNDA,0,0,0,1,9,,Indonesia,"Banda Sea"
Indonesia,BANGGAI,IDBGG,0,1,0,1,8,,Indonesia,"Molucca Sea"
Russia,BERINGOVSKIY,RUBER,0,22,17,1,12,"BERINGOVSKY ANCH","CIS Pacific","Bering Sea"
Indonesia,BIU,,0,0,0,1,8,,Indonesia,"Timor Sea"
Malaysia,"CASPIAN SEA",,0,4,4,1,8,,Indonesia,"Riau Archipelago"
Philippines,CORON,PHXCN,0,1,0,1,8,,Philippines,Philippines
Philippines,DAMORTIS,,0,1,0,1,8,,Philippines,Philippines
Bahamas,"ERAWAN 2",,0,1,1,1,7,,"South-East Asia","Gulf of Thailand"
Indonesia,"FAK FAK",IDFKQ,0,0,0,1,9,"FAKFAK ANCH",Indonesia,Indonesia
India,FALTA,INFLT,0,0,0,1,5.5,"KOLKATA ANCH","East Coast India","Bengal Bay"
Russia,FOKINO,RUFKN,0,1,0,1,10,,"CIS Pacific","CIS Pacific"
Malaysia,"FPSO BERTAM",,0,2,2,1,8,,Indonesia,"Riau Archipelago"
Pakistan,GADANI,,0,0,0,1,5,,"West Coast India","West Coast India"
Indonesia,"JAWA SATU",,0,0,0,1,7,,Indonesia,"Java Sea"
Philippines,JOLO,PHJOL,0,1,0,1,8,,Philippines,"Sulu Sea"
Indonesia,KAYONG,,0,0,0,1,7,,Indonesia,"Java Sea"
Indonesia,LABUHA,IDLAH,0,1,1,1,9,,Indonesia,"Molucca Sea"
Russia,LAZAREV,RULAZ,0,0,0,1,10,,"CIS Pacific","Okhotsk Sea"
Philippines,LILOAN,,0,3,2,1,8,,Philippines,"Sulu Sea"
Philippines,MASBATE,PHMBT,0,2,2,1,8,,Philippines,Philippines
Russia,MOSKALVO,RUMVO,0,0,0,1,10,,"CIS Pacific","Okhotsk Sea"
India,NAGAPATTINAM,INNPT,0,0,0,1,5.5,,"East Coast India","Bengal Bay"
Vietnam,"NAM DINH",VNNMD,0,0,0,1,7,,"South-East Asia","South-East Asia"
Indonesia,NAMROLE,IDNRE,0,1,1,1,9,,Indonesia,"Banda Sea"
Russia,NEVODSKOYE,,0,1,0,1,11,,"CIS Pacific","Okhotsk Sea"
Philippines,PAGBILAO,PHPGB,0,0,0,1,9,"PAGBILAO ANCH",Philippines,Philippines
Indonesia,PAGIMANA,IDPGM,0,1,0,1,8,,Indonesia,"Molucca Sea"
Indonesia,PEKANBARU,IDPKU,0,0,0,1,7,"SUNGAI PAKNING ANCH",Indonesia,Indonesia
Indonesia,REO,IDREO,0,2,1,1,8,,Indonesia,"Java Sea"
India,SALAYA,INSAL,0,0,0,1,5.5,,"West Coast India","West Coast India"
Philippines,"SAN FERNANDO",PHPRO,0,1,0,1,8,"SAN FERNANDO ANCH",Philippines,Philippines
Indonesia,SINTETE,,0,1,1,1,7,,Indonesia,"Riau Archipelago"
Philippines,SIQUIJOR,,0,0,0,1,8,,Philippines,Philippines
Philippines,SUAL,PHSUA,0,0,0,1,8,,Philippines,Philippines
Indonesia,WASIOR,IDWSR,0,0,0,1,9,,Indonesia,Indonesia
Panama,"ABAN ICE",,0,0,0,0,5,,"West Coast India","West Coast India"
Indonesia,AGATS,,0,1,1,0,9,,Indonesia,"Arafura Sea"
India,AGHANASHINI,,0,0,0,0,5.5,,"West Coast India","West Coast India"
Indonesia,"AIS TEST",,0,0,0,0,8,,Indonesia,"Java Sea"
"Cook Islands",AITUTAKI,CKAIT,0,0,0,0,-10,"AITUTAKI ANCH","South Pacific","South Pacific"
"Cook Islands","AITUTAKI ANCH",,0,0,0,0,-10,,"South Pacific","South Pacific"
Philippines,ALCOY,PHALC,0,0,0,0,8,,Philippines,Philippines
Russia,ALEXANDROVSK,RUSAK,0,0,0,0,11,,"CIS Pacific","Okhotsk Sea"
Liberia,ALIMA,,0,0,0,0,-10,,"South Pacific","South Pacific"
Niue,ALOFI,NUALO,0,1,1,0,-11,"ALOFI ANCH","South Pacific","South Pacific"
Indonesia,"AMPENAN ANCH",,0,1,0,0,8,,Indonesia,"Timor Sea"
Russia,ANDREEVA,,0,0,0,0,10,,"CIS Pacific","CIS Pacific"
Palau,ANGAUR,PWANG,0,0,0,0,9,,Indonesia,Indonesia
Russia,ANIVA,,0,0,0,0,11,,"CIS Pacific","Okhotsk Sea"
Russia,ANTARES,,0,1,0,0,10,,"CIS Pacific","CIS Pacific"
Indonesia,"ARENZA XXVII",,0,0,0,0,7,,Indonesia,"Java Sea"
Singapore,"ARMADA STERLING",,0,4,4,0,5,,"West Coast India","West Coast India"
"Marshall Islands","ARMADA TGT 1",,0,0,0,0,7,,"South-East Asia","South-East Asia"
Philippines,AROROY,,0,0,0,0,8,,Philippines,Philippines
Tokelau,ATAFU,TKAFU,0,4,4,0,13,,"South Pacific","South Pacific"
"Cook Islands",ATIU,CKAIU,0,0,0,0,-10,,"South Pacific","South Pacific"
"French Polynesia","ATUONA BAY ANCH",,0,0,0,0,-9.5,,"South Pacific","South Pacific"
Philippines,BAGACAY,,0,0,0,0,8,,Philippines,Philippines
Thailand,"BANGPAKONG ANCH",,0,5,2,0,7,,"South-East Asia","Gulf of Thailand"
Myanmar,BASSEIN,MMBSX,0,0,0,0,7.5,,"South-East Asia","Andaman Sea"
Philippines,BATO,,0,0,0,0,8,,Philippines,Philippines
Russia,BAYKOVO,,0,0,0,0,12,"BAYKOVO ANCH","CIS Pacific","CIS Pacific"
Russia,"BAYKOVO ANCH",,0,0,0,0,12,,"CIS Pacific","Okhotsk Sea"
India,BELEKERI,INBLK,0,0,0,0,5.5,,"West Coast India","West Coast India"
Indonesia,"BENETE ANCH",,0,0,0,0,8,,Indonesia,"Timor Sea"
Indonesia,BENTENG,,0,2,1,0,8,,Indonesia,"Banda Sea"
India,"BEYPORE ANCH",,0,0,0,0,5.5,,"West Coast India","West Coast India"
India,BEYT,INBYT,0,0,0,0,5.5,,"West Coast India","West Coast India"
India,"BHARATI SHIPYARD",,0,0,0,0,5.5,,"West Coast India","West Coast India"
Russia,BODAYBO,,0,0,0,0,8,,"CIS Pacific","CIS Pacific"
Philippines,BOGO,PHBOG,0,2,1,0,8,,Philippines,Philippines
Philippines,BORACAY,PHBOR,0,0,0,0,8,,Philippines,"Sulu Sea"
Russia,"BOSHNYAKOVO ANCH",,0,0,0,0,11,,"CIS Pacific","Okhotsk Sea"
Indonesia,"BRANTA PESISIR",,0,0,0,0,7,,Indonesia,"Java Sea"
Indonesia,"BW JOKO TOLE",,0,0,0,0,7,,Indonesia,"Java Sea"
"Installations in Intl Waters","CAMAR MARINE TERMINA",XZCMT,0,0,0,0,0,,Indonesia,"Java Sea"
Philippines,CAPALONGA,PHCPL,0,0,0,0,8,,Philippines,Philippines
Philippines,CATAINGAN,,0,1,0,0,8,,Philippines,Philippines
Philippines,CAWAYAN,,0,1,1,0,8,,Philippines,Philippines
Indonesia,"CELUKAN BAWANG ANCH",,0,0,0,0,8,,Indonesia,"Java Sea"
Russia,CHAYVO,,0,0,0,0,11,,"CIS Pacific","Okhotsk Sea"
Russia,"CHAZHMA ANCH",,0,1,1,0,10,,"CIS Pacific","CIS Pacific"
Russia,CHEKHOV,RUCKV,0,0,0,0,11,,"CIS Pacific","Okhotsk Sea"
India,"CHENNAI ANCH",,0,12,11,0,5.5,,"East Coast India","Bengal Bay"
Russia,CHERSKY,,0,1,0,0,11,,"CIS Pacific","CIS Pacific"
Vietnam,"CHI LINH",,0,1,1,0,7,,"South-East Asia","South-East Asia"
Bangladesh,"CHITTAGONG BREAKYARD",,0,0,0,0,6,,"East Coast India","Bengal Bay"
India,CHOMBALA,,0,0,0,0,5.5,,"West Coast India","West Coast India"
India,"CHOWGULE GROUP",,0,0,0,0,5.5,,"West Coast India","West Coast India"
"Christmas Is","CHRISTMAS ISLE ANCH",,0,1,1,0,7,,Indonesia,Indonesia
Fiji,CICIA,FJICI,0,0,0,0,12,,"South Pacific","South Pacific"
"Marshall Islands","CS DEVELOPMENT",,0,0,0,0,7,,Indonesia,"Singapore Area"
India,CUDDALORE,INCDL,0,0,0,0,5.5,"CUDDALORE ANCH","East Coast India","Bengal Bay"
Philippines,CULASI,PHCSI,0,0,0,0,8,"CULASI ANCH",Philippines,Philippines
Philippines,"CULASI ANCH",,0,0,0,0,8,,Philippines,Philippines
India,DAHANU,INDHU,0,0,0,0,5.5,"DAHANU ANCH","West Coast India","West Coast India"
India,"DAHANU ANCH",,0,1,0,0,5.5,,"West Coast India","West Coast India"
Vietnam,"DAI HUNG 01",,0,1,1,0,7,,Indonesia,"Riau Archipelago"
Philippines,DANAO,,0,6,4,0,8,,Philippines,Philippines
India,"DIGHI ANCH",,0,0,0,0,5.5,,"West Coast India","West Coast India"
Timor-Leste,"DILI ANCH",,0,1,1,0,9,,Indonesia,"Timor Sea"
Philippines,DIPOLOG,PHDPL,0,2,1,0,8,,Philippines,"Sulu Sea"
Malaysia,"DUTA PACIFIC",,0,1,1,0,8,,Indonesia,"Riau Archipelago"
Russia,EGVEKINOT,RUEGV,0,1,0,0,12,"EGVEKINOT ANCH","CIS Pacific","Bering Sea"
Russia,"EGVEKINOT ANCH",,0,0,0,0,12,,"CIS Pacific","Bering Sea"
Philippines,"EL NIDO",PHENI,0,0,0,0,8,,Philippines,Philippines
Russia,ELIZAROVA,,0,0,0,0,10,,"CIS Pacific","CIS Pacific"
Tonga,"EUA ISLAND",TOEUA,0,0,0,0,13,,"South Pacific","South Pacific"
Tokelau,FAKAOFO,TKFKO,0,0,0,0,13,,"South Pacific","South Pacific"
Indonesia,"FAKFAK ANCH",,0,0,0,0,9,,Indonesia,Indonesia
"French Polynesia","FATU HIVA ANCH",,0,1,1,0,-9.5,,"South Pacific","South Pacific"
Indonesia,FLORES,,0,0,0,0,8,,Indonesia,"Timor Sea"
Malaysia,"FOIS NAUTICA TEMBIKA",,0,0,0,0,8,,Indonesia,"Riau Archipelago"
Malaysia,"FPSO BERANTAI",,0,0,0,0,8,,Indonesia,"Riau Archipelago"
Liberia,"FPSO CENDOR",,0,0,0,0,-10,,"South Pacific","South Pacific"
Malaysia,"FSO BENCHAMAS 2",,0,0,0,0,7,,"South-East Asia","Gulf of Thailand"
Malaysia,"FSO GOLDEN STAR",,0,1,1,0,7,,Indonesia,"Riau Archipelago"
Japan,FUNADOMARI,JPFND,0,0,0,0,9,,"CIS Pacific","CIS Pacific"
Indonesia,"FUTONG ANCH",,0,1,1,0,8,,Indonesia,"Malacca Strait"
"Wallis Futuna Is","FUTUNA ISLAND",WFFUT,0,0,0,0,12,,"South Pacific","South Pacific"
India,GADIWARA,,0,0,0,0,5.5,,"East Coast India","Bengal Bay"
Indonesia,GALELA,IDGLX,0,0,0,0,9,,Indonesia,Indonesia
India,GANGOLI,,0,0,0,0,5.5,,"West Coast India","West Coast India"
Philippines,"GARCIA HERNANDEZ",PHGHE,0,0,0,0,8,,Philippines,Philippines
Indonesia,"GARONGKONG ANCH",,0,0,0,0,8,,Indonesia,"Java Sea"
India,GEONKHALI,,0,0,0,0,5.5,,"East Coast India","Bengal Bay"
India,GOPALPET,,0,0,0,0,5.5,,"West Coast India","West Coast India"
Russia,GORNOSTAY,,0,0,0,0,10,,"CIS Pacific","CIS Pacific"
Philippines,GUIJALO,,0,0,0,0,8,,Philippines,Philippines
India,HARNAI,INHRN,0,0,0,0,5.5,,"West Coast India","West Coast India"
Philippines,HINATUAN,,0,0,0,0,8,,Philippines,Philippines
Philippines,HINDANG,,0,0,0,0,8,,Philippines,Philippines
"French Polynesia","HIVA OA",PFHIX,0,0,0,0,-9.5,,"South Pacific","South Pacific"
Singapore,"HOEGH GANNET",,0,0,0,0,7,,Indonesia,"Malacca Strait"
Japan,HONTOMARI,,0,0,0,0,9,,"CIS Pacific","CIS Pacific"
Philippines,"ISABEL ANCH",,0,0,0,0,8,,Philippines,Philippines
"Sri Lanka",JAFFNA,LKJAF,0,0,0,0,6.5,,"East Coast India","Bengal Bay"
India,"JAFRABAD ANCH",,0,1,0,0,5.5,,"West Coast India","West Coast India"
Indonesia,JIKOTAMO,,0,0,0,0,9,,Indonesia,"Molucca Sea"
Pakistan,JIWANI,PKJIW,0,0,0,0,5,,"West Coast India","West Coast India"
Japan,KAFUKA,JPKBK,0,4,4,0,9,,"CIS Pacific","CIS Pacific"
Indonesia,"KALABAHI ANCH",,0,0,0,0,8,,Indonesia,"Banda Sea"
Philippines,KALAMANSIG,PHKLM,0,0,0,0,8,,Philippines,Philippines
Philippines,KALIBO,PHKLO,0,0,0,0,8,,Philippines,"Sulu Sea"
India,KANNUR,,0,0,0,0,5.5,,"West Coast India","West Coast India"
India,KANYAKUMARI,INKKM,0,0,0,0,5.5,,"East Coast India","Laccadive Sea"
India,"KARAIKAL ANCH",,0,0,0,0,5.5,,"East Coast India","Bengal Bay"
Panama,"KARAPAN ARMADA STERL",,0,0,0,0,7,,Indonesia,Indonesia
Russia,KARAUL,,0,1,1,0,7,,"CIS Pacific","Kara Sea"
India,"KARWAR BAY",,0,0,0,0,5.5,,"West Coast India","West Coast India"
India,"KATTUPALLI ANCH",,0,3,2,0,5.5,,"East Coast India","Bengal Bay"
Indonesia,"KIJANG ANCH",,0,1,0,0,7,,Indonesia,"Singapore Area"
Indonesia,KISAR,,0,0,0,0,9,,Indonesia,"Banda Sea"
Russia,KISLOKAN,,0,0,0,0,7,KISLOKAN,"CIS Pacific","CIS Pacific"
Australia,KITAN,,0,0,0,0,8,,Indonesia,"Timor Sea"
Thailand,"KO ADANG",,0,0,0,0,7,,"South-East Asia","Malacca Strait"
Thailand,"KO HONG",,0,0,0,0,7,,"South-East Asia","Andaman Sea"
Indonesia,"KOBI SADAR",,0,0,0,0,9,,Indonesia,Indonesia
Cambodia,"KOH KONG",KHKKZ,0,0,0,0,7,,"South-East Asia","Gulf of Thailand"
Indonesia,"KOLAKA ANCH",,0,0,0,0,8,,Indonesia,"Banda Sea"
India,KOLGAON,,0,0,0,0,5.5,,"West Coast India","West Coast India"
Indonesia,KOMODO,IDKMD,0,1,1,0,8,,Indonesia,"Timor Sea"
Cambodia,"KOMPONG THOM",KHKZK,0,0,0,0,7,,"South-East Asia","South-East Asia"
Palau,KOROR,PWROR,0,0,0,0,9,,Indonesia,Indonesia
India,KOYILANDY,,0,0,0,0,5.5,,"West Coast India","West Coast India"
Russia,KRASNOGORSK,RUKRS,0,0,0,0,11,,"CIS Pacific","Okhotsk Sea"
India,KUDANKULAM,,0,0,0,0,5.5,,"East Coast India","Laccadive Sea"
Malaysia,KUDAT,MYKUD,0,1,0,0,8,,Indonesia,"Riau Archipelago"
Indonesia,"KUMAI ANCH",,0,0,0,0,7,,Indonesia,"Java Sea"
Japan,KUTSUGATA,JPKTG,0,1,1,0,9,,"CIS Pacific","CIS Pacific"
Indonesia,"LABUAN UKI",,0,0,0,0,8,,Indonesia,"Molucca Sea"
Malaysia,"LAHAD DATU ANCH",,0,1,0,0,8,,Indonesia,"Celebes Sea"
Indonesia,"LARANTUKA ANCH",,0,0,0,0,8,,Indonesia,"Banda Sea"
Russia,LAVRENTIYA,RULVR,0,0,0,0,12,,"CIS Pacific","Bering Sea"
Indonesia,"LAWE LAWE ANCH",,0,2,2,0,8,,Indonesia,"Makassar Strait"
Philippines,LEGAZPI,PHSOR,0,0,0,0,8,"LEGAZPI ANCH",Philippines,Philippines
Philippines,"LEGAZPI ANCH",,0,0,0,0,8,,Philippines,Philippines
Russia,LENINGRADSKY,,0,0,0,0,12,,"CIS Pacific","East Siberian Sea"
Indonesia,LETI,,0,1,0,0,9,,Indonesia,"Banda Sea"
Indonesia,"LEWOLEBA ANCH",,0,0,0,0,8,,Indonesia,"Banda Sea"
Indonesia,LHOKNGA,IDLHK,0,0,0,0,7,"LHOKNGA ANCH",Indonesia,Indonesia
Indonesia,"LHOKNGA ANCH",,0,0,0,0,7,,Indonesia,Indonesia
Philippines,"LUGAIT ANCH",,0,0,0,0,8,,Philippines,Philippines
Indonesia,"LUWUK ANCH",,0,1,0,0,8,,Indonesia,"Molucca Sea"
Singapore,"MAERSK VIKING",,0,0,0,0,7,,"South-East Asia","Bengal Bay"
Russia,"MAGADAN ANCH",,0,1,0,0,12,,"CIS Pacific","Okhotsk Sea"
Indonesia,"MALAHAYATI ANCH",,0,0,0,0,7,,Indonesia,"Malacca Strait"
India,MALVAN,,0,0,0,0,5.5,,"West Coast India","West Coast India"
Malaysia,"MAMPU 1",,0,0,0,0,8,,Indonesia,"Riau Archipelago"
"Cook Islands",MANGAIA,CKMGS,0,0,0,0,-10,,"South Pacific","South Pacific"
Indonesia,MANGKASA,,0,0,0,0,8,"MANGKASA ANCH",Indonesia,"Banda Sea"
Indonesia,"MANGKASA ANCH",,0,0,0,0,8,,Indonesia,"Banda Sea"
India,MANGROL,INMGR,0,0,0,0,5.5,,"West Coast India","West Coast India"
Indonesia,"MANOKWARI ANCH",,0,2,2,0,9,,Indonesia,Indonesia
Indonesia,MAREDAN,,0,0,0,0,7,,Indonesia,"Malacca Strait"
Philippines,MASINLOC,PHMSC,0,1,0,0,9,"MASINLOC ANCH",Philippines,Philippines
Philippines,"MASINLOC ANCH",,0,0,0,0,9,,Philippines,Philippines
Indonesia,MASOHI,,0,0,0,0,9,,Indonesia,"Banda Sea"
Philippines,MATALANGTALANG,,0,0,0,0,8,,Philippines,Philippines
"Cook Islands","MAUKE ISLAND",CKMUK,0,0,0,0,-10,,"South Pacific","South Pacific"
Indonesia,MAUMERE,IDMOF,0,2,0,0,8,,Indonesia,"Timor Sea"
"French Polynesia",MAUPITI,PFMAU,0,2,2,0,-10,,"South Pacific","South Pacific"
India,MAVAKURVE,,0,0,0,0,5.5,,"West Coast India","West Coast India"
Malaysia,"MEKAR BERGADING",,0,0,0,0,7,,"South-East Asia","Riau Archipelago"
Philippines,MERCEDES,PHMCD,0,0,0,0,8,,Philippines,Philippines
Palau,"MERLION M",,0,0,0,0,7,,Indonesia,"Java Sea"
"Cook Islands","MITIARO ISLAND",CKMOI,0,0,0,0,-10,,"South Pacific","South Pacific"
Japan,MOTOCHI,,0,0,0,0,9,,"CIS Pacific","CIS Pacific"
Myanmar,MOULMEIN,MMMNU,0,0,0,0,7.5,,"South-East Asia","Andaman Sea"
India,MUTTOM,,0,0,0,0,5.5,,"East Coast India","Laccadive Sea"
Russia,"MYS PESCHANYY",,0,2,2,0,10,,"CIS Pacific","CIS Pacific"
Russia,MYSOVOY,,0,0,0,0,10,,"CIS Pacific","CIS Pacific"
Bangladesh,NARAYANGANJ,BDNAR,0,0,0,0,6,,"East Coast India","East Coast India"
India,NAVABANDAR,INNVB,0,0,0,0,5.5,,"West Coast India","West Coast India"
Tonga,NEIAFU,TONEI,0,0,0,0,13,"NEIAFU ANCH","South Pacific","South Pacific"
Tonga,"NEIAFU ANCH",,0,0,0,0,13,,"South Pacific","South Pacific"
Norway,NEPTUNE,,0,0,0,0,9,,Indonesia,"Banda Sea"
Palau,"NEW HORIZON",,0,0,0,0,6,,"East Coast India","Bengal Bay"
Russia,"NIKOLAYEVSK ANCH",,0,0,0,0,10,,"CIS Pacific","Okhotsk Sea"
Russia,"NIKOLAYEVSK NA AMURE",RUNIA,0,0,0,0,10,"NIKOLAYEVSK ANCH","CIS Pacific","Okhotsk Sea"
Niue,"NIUE ISLAND",NUIUE,0,0,0,0,-11,,"South Pacific","South Pacific"
India,NOORPUR,,0,0,0,0,5.5,,"East Coast India","Bengal Bay"
Tonga,"NUKU ALOFA ANCH",,0,0,0,0,13,,"South Pacific","South Pacific"
Tokelau,NUKUNOMU,TKNKU,0,0,0,0,13,,"South Pacific","South Pacific"
Timor-Leste,OECUSSI,TLOEC,0,0,0,0,9,,Indonesia,"Timor Sea"
"American Samoa",OFU,ASOFU,0,0,0,0,-11,,"South Pacific","South Pacific"
Russia,OLGA,,0,1,1,0,10,,"CIS Pacific","CIS Pacific"
Pakistan,ORMARA,PKORW,0,0,0,0,5,,"West Coast India","West Coast India"
Russia,OSTROVNAYA,,0,0,0,0,10,,"CIS Pacific","CIS Pacific"
Russia,OZERSKOYE,,0,0,0,0,11,,"CIS Pacific","Okhotsk Sea"
Indonesia,"PACITAN ANCH",,0,0,0,0,7,,Indonesia,Indonesia
Philippines,"PAGBILAO ANCH",,0,0,0,0,9,,Philippines,Philippines
"American Samoa","PAGO PAGO ANCH",,0,0,0,0,-11,,"South Pacific","South Pacific"
Indonesia,"PALOPO ANCH",,0,0,0,0,8,,Indonesia,"Banda Sea"
Philippines,PASACAO,,0,1,0,0,8,"PASACAO ANCH",Philippines,Philippines
Pakistan,PASNI,PKPSI,0,0,0,0,5,,"West Coast India","West Coast India"
Panama,PATHUMMABAHA,,0,0,0,0,7,,"South-East Asia","Gulf of Thailand"
Russia,PAVLOVSKOGO,,0,0,0,0,10,,"CIS Pacific","CIS Pacific"
Indonesia,"PELABUHAN RATU",,0,1,0,0,7,,Indonesia,Indonesia
Malaysia,"PENARA MARINE TERMIN",MYPMT,0,0,0,0,8,,"South-East Asia","Riau Archipelago"
Indonesia,PETROSTAR,,0,0,0,0,7,,Indonesia,"Java Sea"
Russia,"PEVEK ANCH",,0,0,0,0,11,,"CIS Pacific","East Siberian Sea"
Cambodia,"PHNOM PENH",KHPNH,0,0,0,0,7,,"South-East Asia","South-East Asia"
Thailand,"PHUKET BOAT LAGOON",,0,0,0,0,7,,"South-East Asia","Andaman Sea"
Thailand,"PHUKET YACHT HAVEN",,0,0,0,0,7,,"South-East Asia","Andaman Sea"
Philippines,PILAR,,0,0,0,0,8,,Philippines,Philippines
Philippines,PINGAG,,0,1,1,0,8,,Philippines,Philippines
Russia,"PLASTUN ANCH",,0,1,0,0,10,,"CIS Pacific","CIS Pacific"
Russia,"PODYAPOLSKIY ANCH",,0,1,1,0,10,,"CIS Pacific","CIS Pacific"
"New Zealand","POHOKURA FIELD",,0,0,0,0,12,,"South Pacific","South Pacific"
Philippines,POLILLO,PHPLL,0,0,0,0,8,,Philippines,Philippines
Philippines,"POLLOC HARBOR",PHPLC,0,0,0,0,8,,Philippines,Philippines
Indonesia,POMALAA,IDPUM,0,0,0,0,8,"POMALAA ANCH",Indonesia,"Banda Sea"
Indonesia,"POMALAA ANCH",,0,0,0,0,8,,Indonesia,"Banda Sea"
India,PONNANI,INPNN,0,0,0,0,5.5,,"West Coast India","West Coast India"
Russia,POPOVA,,0,0,0,0,10,,"CIS Pacific","CIS Pacific"
India,"PORBANDAR ANCH",,0,0,0,0,5.5,,"West Coast India","West Coast India"
Russia,PORONAYSK,RUPRN,0,0,0,0,11,,"CIS Pacific","Okhotsk Sea"
Thailand,"PRACHUAP ANCH",,0,0,0,0,7,,"South-East Asia","Gulf of Thailand"
Singapore,"PTSC BIEN DONG 01",,0,0,0,0,7,,Indonesia,"Riau Archipelago"
Singapore,"PTSC LAM SON",,0,0,0,0,7,,"South-East Asia","South-East Asia"
Indonesia,"PULANG PISAU",IDPPS,0,0,0,0,7,,Indonesia,"Java Sea"
Vietnam,"PVN DAI HUNG QUEEN",,0,0,0,0,7,,Indonesia,"Riau Archipelago"
Vietnam,"RACH GIA",VNVKG,0,0,0,0,7,,"South-East Asia","South-East Asia"
"New Zealand",RAGLAN,NZRAG,0,0,0,0,12,,"South Pacific","Tasman Sea"
Indonesia,RAIJUA,,0,0,0,0,8,,Indonesia,"Timor Sea"
Russia,RAKUSHKA,,0,0,0,0,10,,"CIS Pacific","CIS Pacific"
India,RAMESHWARAM,INRAM,0,0,0,0,5.5,,"East Coast India","Bengal Bay"
India,RANPAR,INRNR,0,0,0,0,5.5,"RANPAR ANCH","West Coast India","West Coast India"
India,"RANPAR ANCH",,0,0,0,0,5.5,,"West Coast India","West Coast India"
Liberia,RAROA,,0,0,0,0,12,,"South Pacific","South Pacific"
"Cook Islands","RAROTONGA ANCH",,0,0,0,0,-10,,"South Pacific","South Pacific"
India,"RATNAGIRI ANCH",,0,0,0,0,5.5,,"West Coast India","West Coast India"
Indonesia,"RATU NUSANTARA",,0,0,0,0,8,,Indonesia,"Java Sea"
Malaysia,"RATU SONGKHLA",,0,1,0,0,7,,"South-East Asia","Riau Archipelago"
Russia,REYNEKE,,0,0,0,0,10,,"CIS Pacific","CIS Pacific"
Malaysia,"ROYAL LANGKAWI YC",,0,0,0,0,8,,Indonesia,"Malacca Strait"
Thailand,"ROYAL PHUKET",,0,0,0,0,7,,"South-East Asia","Andaman Sea"
Panama,"RUBICON INTREPID",,0,0,0,0,8,,Philippines,Philippines
Singapore,"RUBICON VANTAGE",,0,0,0,0,7,,"South-East Asia","Gulf of Thailand"
Russia,"RUDNAYA PRISTAN",RURDP,0,0,0,0,10,,"CIS Pacific","CIS Pacific"
India,RUKMAWATI,,0,0,0,0,5.5,,"West Coast India","West Coast India"
Indonesia,RUMBAI,,0,0,0,0,7,,Indonesia,"Malacca Strait"
Philippines,SABANG,PHSBG,0,0,0,0,8,,Philippines,Philippines
Indonesia,"SABANG ANCH",,0,0,0,0,7,,Indonesia,"Malacca Strait"
Philippines,"SABANG BEACH",,0,0,0,0,8,,Philippines,Philippines
Philippines,"SAN FERNANDO ANCH",,0,0,0,0,8,,Philippines,Philippines
India,SANGHI,,0,0,0,0,5.5,,"West Coast India","West Coast India"
Indonesia,SAPE,IDSAP,0,0,0,0,8,,Indonesia,"Timor Sea"
Malaysia,"SARIKEI ANCH",,0,0,0,0,8,,Indonesia,"Riau Archipelago"
Indonesia,SARMI,IDZRM,0,1,0,0,9,,Indonesia,Indonesia
India,SARTANPAR,,0,0,0,0,5.5,,"West Coast India","West Coast India"
Malaysia,"SEBANA COVE",,0,0,0,0,8,,Indonesia,"Singapore Area"
Brunei,"SERIA OIL TERMINAL",BNSER,0,1,0,0,8,"SERIA TERMINAL ANCH",Indonesia,"Riau Archipelago"
Japan,SHINMINATO,,0,0,0,0,9,,"CIS Pacific","CIS Pacific"
Indonesia,"SIBOLGA ANCH",,0,0,0,0,7,,Indonesia,Indonesia
Russia,SIZIMAN,RUSIZ,0,0,0,0,10,,"CIS Pacific","Okhotsk Sea"
Russia,SKALISTYY,,0,0,0,0,10,,"CIS Pacific","CIS Pacific"
Panama,"SOUTHERN PEARL",,0,0,0,0,7,,Indonesia,"Singapore Area"
Russia,STARODUBSKOYE,,0,0,0,0,11,,"CIS Pacific","Okhotsk Sea"
Russia,SUNTAR,,0,0,0,0,9,,"CIS Pacific","CIS Pacific"
Philippines,"SUPREME DOMINION INC",,0,0,0,0,8,,Philippines,"Sulu Sea"
Philippines,"SURIGAO ANCH",,0,1,1,0,8,,Philippines,Philippines
Russia,SVETLAYA,RUSVE,0,1,1,0,10,"SVETLAYA ANCH","CIS Pacific","Okhotsk Sea"
Philippines,"TACLOBAN ANCH",,0,0,0,0,8,,Philippines,Philippines
India,TADADI,,0,0,0,0,5.5,,"West Coast India","West Coast India"
Philippines,TANDAG,PHTDG,0,0,0,0,8,,Philippines,Philippines
Indonesia,"TANJUNG BULI",IDTBU,0,0,0,0,9,,Indonesia,Indonesia
Indonesia,"TANJUNG PINANG ANCH",,0,1,1,0,7,,Indonesia,"Singapore Area"
"American Samoa",TAU,ASTAV,0,0,0,0,-11,,"South Pacific","South Pacific"
Malaysia,"TELAGA HARBOUR",,0,0,0,0,8,,Indonesia,"Malacca Strait"
Indonesia,"TERNATE ANCH",,0,1,1,0,9,,Indonesia,"Molucca Sea"
"French Polynesia",TETIAROA,PFTTI,0,0,0,0,-10,,"South Pacific","South Pacific"
Indonesia,TIFU,,0,0,0,0,9,,Indonesia,"Banda Sea"
Russia,TIKSI,RUIKS,0,0,0,0,9,,"CIS Pacific","Laptev Sea"
Indonesia,"TOLITOLI ANCH",,0,0,0,0,8,,Indonesia,"Celebes Sea"
Russia,TOMARI,,0,0,0,0,11,,"CIS Pacific","Okhotsk Sea"
Tonga,TONGA,TOPAN,0,0,0,0,13,,"South Pacific","South Pacific"
Philippines,"TSUNEISHI IND ANCH",,0,0,0,0,8,,Philippines,Philippines
Philippines,"TSUNEISHI INDUSTRIES",,0,0,0,0,8,"TSUNEISHI IND ANCH",Philippines,Philippines
"French Polynesia","UA HUKA",PFUAH,0,0,0,0,-9.3,,"South Pacific","South Pacific"
"French Polynesia","UA POU",PFUAP,0,0,0,0,-9.5,,"South Pacific","South Pacific"
Russia,UGLEGORSK,RUUGL,0,0,0,0,11,"UGLEGORSK ANCH","CIS Pacific","Okhotsk Sea"
Russia,"UGLEGORSK ANCH",,0,0,0,0,11,,"CIS Pacific","Okhotsk Sea"
Philippines,URBIZTONDO,,0,0,0,0,8,"TAGANITO ANCH",Philippines,Philippines
Russia,"VANKOR FIELD",,0,0,0,0,6,,"CIS Pacific","Kara Sea"
Fiji,"VANUA MBALAVU",FJVBV,0,0,0,0,12,,"South Pacific","South Pacific"
India,"VELHA GOA",,0,0,0,0,5.5,,"West Coast India","West Coast India"
India,VENGALI,,0,0,0,0,5.5,,"West Coast India","West Coast India"
India,VENKATAPUR,,0,0,0,0,5.5,,"West Coast India","West Coast India"
India,VERAVAL,INVVA,0,0,0,0,5.5,,"West Coast India","West Coast India"
India,VIJAYDURG,INVYD,0,0,0,0,5.5,,"West Coast India","West Coast India"
India,"VIZHINJAM ANCH",,0,0,0,0,6.5,,"East Coast India","Laccadive Sea"
Indonesia,WAEWOLE,,0,0,0,0,8,,Indonesia,"Timor Sea"
Indonesia,WAIKELO,,0,0,0,0,8,,Indonesia,"Timor Sea"
Indonesia,"WAINGAPU ANCH",,0,0,0,0,8,,Indonesia,"Timor Sea"
"Wallis Futuna Is","WALLIS ISLAND APT",WFWLS,0,0,0,0,12,,"South Pacific","South Pacific"
Russia,"YUZHNO-MORSKOY ANCH",,0,2,2,0,10,,"CIS Pacific","CIS Pacific"
