"Vessel Name","Port Call Type","Port Type","Port At Call",Ata/atd,"Voyage Origin Port","Leg Start Port/anch","In Transit Port Calls",Mmsi,"Voyage Origin Port Atd","Vessel Type - Generic","Capacity - Dwt"
"MF MARSTAL",DEPARTURE,Port,SVENDBORG,"2022-06-27 11:11:00",,,"Not in Transit",219000674,,Passenger,490
SHEARWATER,ARRIVAL,Port,ULLAPOOL,"2022-06-27 11:11:00",ULLAPOOL,ULLAPOOL,"Not in Transit",235001977,"2022-06-27 09:01:00",Passenger,
SCHELDESTAD,DEPARTURE,Port,OSS,"2022-06-27 11:11:00",,,"Not in Transit",205207190,,Cargo,
MOJJNA,DEPARTURE,Port,ASPERO,"2022-06-27 11:11:00",,,"Not in Transit",265738830,,"Pleasure Craft",
"RIVER STAR",DEPARTURE,Port,ZINGST,"2022-06-27 11:11:00",,,"Not in Transit",211543850,,Passenger,
"DM 33",ARRIVAL,Port,SINGAPORE,"2022-06-27 11:11:00","SINGAPORE ANCH","SINGAPORE ANCH","Not in Transit",457004000,"2022-06-27 11:09:00",Passenger,
PATRIOT,ARRIVAL,Port,HARWICH,"2022-06-27 11:11:00",HARWICH,HARWICH,"Not in Transit",244110559,"2022-06-27 06:59:00","Special Craft",143
"RAY STOKERJR.",DEPARTURE,Port,GALVESTON,"2022-06-27 11:11:00",,,"Not in Transit",367151450,,Passenger,
"VB SPARTEL",ARRIVAL,Port,"TANGER MED II","2022-06-27 11:11:00","TANGER MED","TANGER MED","Not in Transit",242906000,"2022-06-27 11:05:00",Tug,
FINNOY,ARRIVAL,Port,VOLDA,"2022-06-27 11:11:00",VOLDA,VOLDA,"Not in Transit",259591000,"2022-06-27 10:45:00",Passenger,1007
ATLANTICJET,ARRIVAL,Port,"POINTE A PITRE","2022-06-27 11:11:00","MARIE GALANTE","MARIE GALANTE","Not in Transit",329003100,"2022-06-27 10:14:00",Passenger,50
"EURO 6",ARRIVAL,Port,PROCIDA,"2022-06-27 11:11:00",POZZUOLI,POZZUOLI,"Not in Transit",247386100,"2022-06-27 10:43:00",Passenger,
"ARGYLL FLYER",ARRIVAL,Port,GOUROCK,"2022-06-27 11:11:00",DUNOON,DUNOON,"Not in Transit",235087611,"2022-06-27 10:54:00",Passenger,72
"BASTO I",DEPARTURE,Port,HORTEN,"2022-06-27 11:11:00",,,"Not in Transit",259401000,,Passenger,1470
"YOUPI II",DEPARTURE,Port,GAETA,"2022-06-27 11:11:00",,,"Not in Transit",227400640,,"Sailing Vessel",
MALAIKA,ARRIVAL,Port,GOTEBORG,"2022-06-27 11:11:00","LILLA EDET","LILLA EDET","Not in Transit",265027970,"2022-06-27 08:08:00","Pleasure Craft",
"SEAL CARR",DEPARTURE,Port,NIGG,"2022-06-27 11:11:00",,,"Not in Transit",235040683,,Tug,107
"PROFESSOR ZAKHAROV",ARRIVAL,Port,YAROSLAVL,"2022-06-27 11:11:00",VYSOTSK,VYSOTSK,"Not in Transit",273383920,"2022-06-22 12:42:00",Tanker,5745
DITZUM,DEPARTURE,Port,DITZUM,"2022-06-27 11:11:00",,,"Not in Transit",211720760,,Passenger,
"BIG BLUE",ARRIVAL,Port,"PORT ELIZABETH","2022-06-27 11:11:00","PORT ELIZABETH","PORT ELIZABETH","Not in Transit",601514200,"2022-06-27 10:07:00","Special Craft",
"PEARL ORIENT",DEPARTURE,Port,BATANGAS,"2022-06-27 11:11:00",,,"Not in Transit",548413700,,Cargo,7376
"FRITZE B",ARRIVAL,Port,BRANDENBURG,"2022-06-27 11:11:00",BRANDENBURG,BRANDENBURG,"Not in Transit",211279910,"2022-06-27 10:19:00",Unspecified,
"MARTHA'S VINEYARD",DEPARTURE,Port,"WOODS HOLE","2022-06-27 11:11:00",,,"Not in Transit",367376740,,Passenger,350
BARBAT,ARRIVAL,Port,MISNJAK,"2022-06-27 11:11:00",MISNJAK,MISNJAK,"Not in Transit",238987840,"2022-06-27 10:18:00",Passenger,650
FROJA,DEPARTURE,Port,LANGEDRAG,"2022-06-27 11:11:00",,,"Not in Transit",265547270,,Passenger,
ALMERIA,ARRIVAL,Anchorage,"TULCEA ANCH","2022-06-27 11:11:00",SULINA,SULINA,"Not in Transit",272794000,"2022-06-27 03:41:00",Cargo,2850
HUAXIANG3078,ARRIVAL,Port,NANTONG,"2022-06-27 11:11:00",NANJING,NANJING,"Not in Transit",413793799,"2022-06-23 19:23:00",Cargo,
"STRANGFORD 1",DEPARTURE,Port,GREENCASTLE,"2022-06-27 11:11:00",,,"Not in Transit",235004601,,Passenger,
"SCAN FJORD",ARRIVAL,Port,FORUS,"2022-06-27 11:11:00",HUSOYA,HUSOYA,"Not in Transit",314318000,"2022-06-27 07:52:00",Cargo,3319
"METEOR 202",ARRIVAL,Port,"ST PETERSBURG","2022-06-27 11:11:00","ST PETERSBURG","ST PETERSBURG","Not in Transit",273359370,"2022-06-27 08:47:00","High Speed Craft",
CALA,ARRIVAL,Anchorage,"AMUAY ANCH","2022-06-27 11:11:00",AMUAY,AMUAY,"Not in Transit",374463000,"2022-06-27 09:19:00",Tug,182
"ZE RUI 1",ARRIVAL,Port,JINGJIANG,"2022-06-27 11:11:00",LIUHENG,LIUHENG,"Not in Transit",413459010,"2022-06-26 04:38:00",Cargo,45279
SHUNLIAN888,ARRIVAL,Port,CHANGZHOU,"2022-06-27 11:11:00",JIANGYIN,JIANGYIN,"Not in Transit",413832166,"2022-06-27 09:08:00",Cargo,
"JING DU25",DEPARTURE,Port,JINGJIANG,"2022-06-27 11:11:00",,,"Not in Transit",413842039,,Passenger,
"CATHERINE HAMLIN",ARRIVAL,Port,SYDNEY,"2022-06-27 11:11:00",MANLY,MANLY,"Not in Transit",503046120,"2022-06-27 10:55:00",Passenger,
"NEMO NEFES",ARRIVAL,Port,BARCELONA,"2022-06-27 11:11:00","PORT OLIMPIC","PORT OLIMPIC","Not in Transit",225988697,"2022-06-27 10:07:00","Sailing Vessel",
"SCOTCH MISCHIEF",DEPARTURE,Port,COWES,"2022-06-27 11:11:00",,,"Not in Transit",235113665,,"Pleasure Craft",
"SC ELAN",DEPARTURE,Anchorage,"MANILA ANCH","2022-06-27 11:11:00",,,"Not in Transit",235109621,,"Special Craft",
"ARAN ISLANDS EXPRESS",ARRIVAL,Port,INISHMORE,"2022-06-27 11:11:00",INISHEER,INISHEER,"Not in Transit",250005943,"2022-06-27 10:41:00",Passenger,
"SUNLIGHT POSEIDON",ARRIVAL,Port,SINGAPORE,"2022-06-27 11:11:00","SINGAPORE ANCH","SINGAPORE ANCH","Not in Transit",542196110,"2022-06-27 11:10:00",Cargo,
UNFORGETTABLE,DEPARTURE,Port,"VIRGIN GORDA","2022-06-27 11:11:00",,,"Not in Transit",378111343,,Passenger,
TWISTER,ARRIVAL,Port,YARMOUTH,"2022-06-27 11:11:00",GOSPORT,"PORTSMOUTH ANCH","Not in Transit",235080557,"2022-06-27 07:40:00","Sailing Vessel",
"BRABO 21",ARRIVAL,Port,HEMIKSEM,"2022-06-27 11:11:00",ANTWERP,ANTWERP,"Not in Transit",205513590,"2022-06-27 11:09:00","Special Craft",
NAVIRO,DEPARTURE,Port,CORUNA,"2022-06-27 11:11:00",,,"Not in Transit",225991693,,"Pleasure Craft",
JETTELYS,DEPARTURE,Port,AABENRAA,"2022-06-27 11:11:00",,,"Not in Transit",219007705,,Cargo,
EOLO,ARRIVAL,Port,CALASETTA,"2022-06-27 11:11:00",CARLOFORTE,CARLOFORTE,"Not in Transit",247056900,"2022-06-27 10:50:00",Passenger,189
PLATYTERA,DEPARTURE,Port,ASPROPYRGOS,"2022-06-27 11:11:00",,,"Not in Transit",241600000,,Tug,383
VASTAN,ARRIVAL,Port,STOCKHOLM,"2022-06-27 11:11:00",VAXHOLM,VAXHOLM,"Not in Transit",265522440,"2022-06-27 10:10:00",Passenger,
"OSCARSBORG 2",DEPARTURE,Port,DROBAK,"2022-06-27 11:11:00",,,"Not in Transit",257169200,,Passenger,
"KREBS HELIOS",DEPARTURE,Port,BREMERHAVEN,"2022-06-27 11:11:00",,,"Not in Transit",211638130,,Cargo,221
TIZIANO,DEPARTURE,Port,LIPARI,"2022-06-27 11:11:00",,,"Not in Transit",247192500,,Passenger,21
"LOCH RIDDON",ARRIVAL,Port,"CUMBRAE SLIP","2022-06-27 11:11:00",LARGS,LARGS,"Not in Transit",232003371,"2022-06-27 10:37:00",Passenger,65
YINGGANGTUO4001,ARRIVAL,Port,CHANGZHOU,"2022-06-27 11:11:00","JIANGSU HANTONG","JIANGSU HANTONG","Not in Transit",413272690,"2022-06-27 09:45:00",Tug,
"ESTEL OF IBIZA",DEPARTURE,Port,IBIZA,"2022-06-27 11:11:00",,,"Not in Transit",232024135,,"Pleasure Craft",
"AI TODOR",DEPARTURE,Port,SOCHI,"2022-06-27 11:11:00",,,"Not in Transit",273371280,,Passenger,
"ALL WE NEED",ARRIVAL,Port,KARACA,"2022-06-27 11:11:00",BODRUM,BODRUM,"Not in Transit",224048301,"2022-06-22 08:59:00","Pleasure Craft",
"EMELIE D",DEPARTURE,Port,EEMSHAVEN,"2022-06-27 11:11:00",,,"Not in Transit",211475120,,Cargo,
PELJESCANKA,ARRIVAL,Port,SUMARTIN,"2022-06-27 11:11:00",MAKARSKA,MAKARSKA,"Not in Transit",238115040,"2022-06-27 10:36:00",Passenger,118
SIGRID,DEPARTURE,Port,FORVIK,"2022-06-27 11:11:00",,,"Not in Transit",257243500,,Passenger,460
CHALLENGER,ARRIVAL,Port,TERHERNE,"2022-06-27 11:11:00",WOUDSEND,WOUDSEND,"Not in Transit",244810085,"2022-06-27 09:59:00",Passenger,
ELIANO,DEPARTURE,Port,OELEGEM,"2022-06-27 11:11:00",,,"In Transit",205412990,,Cargo,
ANINA,ARRIVAL,Port,"ROTTERDAM MAASVLAKTE","2022-06-27 11:11:00",BRUNSBUETTEL,BRUNSBUETTEL,"Not in Transit",255805899,"2022-06-26 08:53:00",Cargo,13720
"FUKUSHO MARU",ARRIVAL,Port,HIKARI,"2022-06-27 11:11:00",KURE,KURE,"Not in Transit",431005547,"2022-06-27 06:39:00",Cargo,820
"ESTUARY EVORA",ARRIVAL,Port,RAMSGATE,"2022-06-27 11:11:00",RAMSGATE,RAMSGATE,"Not in Transit",232025144,"2022-06-27 10:53:00","Special Craft",
"EDGAR JAEGERS",ARRIVAL,Port,TERHERNE,"2022-06-27 11:11:00",LEMMER,LEMMER,"Not in Transit",211129800,"2022-06-27 09:07:00",Tanker,
MUZARA,ARRIVAL,Port,"ALPHEN AAN DEN RIJN","2022-06-27 11:11:00",LEIDEN,LEIDEN,"Not in Transit",205308390,"2022-06-27 10:33:00",Other,
ALSTEN,ARRIVAL,Port,TJOTTA,"2022-06-27 11:11:00",MINDLAND,MINDLAND,"Not in Transit",257204400,"2022-06-27 11:03:00",Passenger,261
FLIPPER,DEPARTURE,Port,HEMIKSEM,"2022-06-27 11:11:00",,,"In Transit",205531190,,Cargo,
"AUGUSTA ZENNARO",DEPARTURE,Anchorage,"VENICE ANCH","2022-06-27 11:11:00",,,"Not in Transit",247054750,,Fishing,
"SPIRIT OF THE SEA",ARRIVAL,Port,"PUERTO ANFI","2022-06-27 11:11:00",ARGUINEGUIN,ARGUINEGUIN,"Not in Transit",224010460,"2022-06-27 11:10:00",Passenger,
"KENANGAN 3",ARRIVAL,Port,PENANG,"2022-06-27 11:11:00",PENANG,PENANG,"Not in Transit",533615000,"2022-06-27 08:35:00",Passenger,
BELLA,ARRIVAL,Port,HARLINGEN,"2022-06-27 11:11:00","LELYSTAD HAVEN","LELYSTAD HAVEN","Not in Transit",211641690,"2022-06-26 06:54:00","Sailing Vessel",
"MSTX 13",DEPARTURE,Port,"ROTTERDAM WAALHAVEN","2022-06-27 11:11:00",,,"In Transit",244150561,,"High Speed Craft",
TN41,DEPARTURE,Port,YAROSLAVL,"2022-06-27 11:11:00",,,"Not in Transit",273320980,,Tanker,
"BASTO IV",ARRIVAL,Port,HORTEN,"2022-06-27 11:11:00",MOSS,MOSS,"Not in Transit",257845600,"2022-06-27 10:51:00",Passenger,1350
AURORA,DEPARTURE,Port,NYKOPING,"2022-06-27 11:11:00",,,"In Transit",265801720,,"Sailing Vessel",
FIDELIS,DEPARTURE,Port,SCHWEINFURT,"2022-06-27 11:11:00",,,"Not in Transit",244138436,,Cargo,
"DANIMEX 1",ARRIVAL,Port,MELK,"2022-06-27 11:11:00",ALTENWORTH,ALTENWORTH,"Not in Transit",264162678,"2022-06-27 05:22:00",Cargo,
SNOWDROP,ARRIVAL,Port,ELLESMERE,"2022-06-27 11:11:00",LIVERPOOL,LIVERPOOL,"Not in Transit",235024612,"2022-06-27 09:38:00",Passenger,
"KILIC 12",ARRIVAL,Port,GULLUK,"2022-06-27 11:11:00",GUVERCINLIK,"SOUSSE ANCH","Not in Transit",271001066,"2022-06-17 11:41:00",Fishing,532
SONORA,ARRIVAL,Port,RHENEN,"2022-06-27 11:11:00",MAURIK,MAURIK,"Not in Transit",244700467,"2022-06-27 05:54:00",Cargo,
M.F.ASKOE,ARRIVAL,Port,ASKO,"2022-06-27 11:11:00",BANDHOLM,BANDHOLM,"Not in Transit",219000811,"2022-06-27 10:53:00",Passenger,85
"SOUND OF SEIL",ARRIVAL,Port,"HUNTERS QUAY","2022-06-27 11:11:00","HUNTERS QUAY","HUNTERS QUAY","Not in Transit",235101062,"2022-06-27 10:25:00",Passenger,230
BAHARIYE,ARRIVAL,Port,YALOVA,"2022-06-27 11:11:00",ESKIHISAR,ESKIHISAR,"Not in Transit",271043393,"2022-06-27 10:45:00",Passenger,
"LA ILLA",ARRIVAL,Port,L'ESTARTIT,"2022-06-27 11:11:00",L'ESTARTIT,L'ESTARTIT,"Not in Transit",224305530,"2022-06-27 09:45:00","Special Craft",
LOON,DEPARTURE,Port,WEYMOUTH,"2022-06-27 11:11:00",,,"Not in Transit",235084547,,"Sailing Vessel",
"FRISIAN HOPPER",DEPARTURE,Port,WAALWIJK,"2022-06-27 11:11:00",,,"Not in Transit",244660395,,Cargo,
PROVIDER,DEPARTURE,Port,DUSSELDORF,"2022-06-27 11:11:00",,,"In Transit",244002399,,Tanker,
"K8 CONQUEST II",DEPARTURE,Port,SINGAPORE,"2022-06-27 11:10:00",,,"Not in Transit",563064470,,"Pleasure Craft",
SAMLAFJORD,ARRIVAL,Port,JONDAL,"2022-06-27 11:10:00",JONDAL,JONDAL,"Not in Transit",257058230,"2022-06-27 10:25:00",Passenger,
"ARANSAS PILOT II",ARRIVAL,Port,"HARBOR ISLAND","2022-06-27 11:10:00","PORT ARANSAS","PORT ARANSAS","Not in Transit",367168450,"2022-06-27 10:54:00",Other,
"VB CEBALLOS",ARRIVAL,Port,ALGECIRAS,"2022-06-27 11:10:00",CAMPAMENTO,"ALGECIRAS ANCH","Not in Transit",224869000,"2022-06-23 18:44:00","Special Craft",999
ANITA,ARRIVAL,Port,BATSFJORD,"2022-06-27 11:10:00",BATSFJORD,BATSFJORD,"Not in Transit",257987600,"2022-06-27 07:53:00",Fishing,
CARMANAH,ARRIVAL,Port,"PONTA DELGADA","2022-06-27 11:10:00",HORTA,HORTA,"Not in Transit",319167900,"2022-06-26 10:13:00","Pleasure Craft",
JIANGSULUDU3012,ARRIVAL,Port,ZHENJIANG,"2022-06-27 11:10:00",ZHENJIANG,ZHENJIANG,"Not in Transit",413798749,"2022-06-27 10:52:00",Passenger,
"PINCHAREON 2",DEPARTURE,Port,"LAEM CHABANG","2022-06-27 11:10:00",,,"Not in Transit",567180800,,Cargo,
ORACLE,ARRIVAL,Port,SINGAPORE,"2022-06-27 11:10:00","SINGAPORE ANCH","SINGAPORE ANCH","Not in Transit",564968000,"2022-06-27 11:08:00",Tanker,9000
"FRK GANGSOEY",ARRIVAL,Port,KALVAG,"2022-06-27 11:10:00",KALVAG,KALVAG,"Not in Transit",259008300,"2022-06-26 09:06:00","Pleasure Craft",
FRIENDSHIP,DEPARTURE,Port,SYDNEY,"2022-06-27 11:10:00",,,"Not in Transit",503345400,,Passenger,18
"STAR FLYER",ARRIVAL,Port,HEMIKSEM,"2022-06-27 11:10:00",ANTWERP,ANTWERP,"Not in Transit",226014870,"2022-06-27 11:08:00",Cargo,
"SPIRIT OF KVITSOY",ARRIVAL,Port,BOKN,"2022-06-27 11:10:00",STAVANGER,STAVANGER,"Not in Transit",257682190,"2022-06-27 07:28:00",Passenger,
"KM THE MASTER SHIP",ARRIVAL,Port,"BANDA ACEH","2022-06-27 11:10:00","BANDA ACEH","BANDA ACEH","Not in Transit",525301563,"2022-06-05 22:49:00",Fishing,
"AMMA KIBBA",ARRIVAL,Anchorage,"HUSAVIK ANCH","2022-06-27 11:10:00",HUSAVIK,HUSAVIK,"Not in Transit",251845870,"2022-06-27 10:33:00",Passenger,
"CRIKI TIKI",ARRIVAL,Port,TORREVIEJA,"2022-06-27 11:10:00",CARTAGENA,CARTAGENA,"Not in Transit",338344221,"2022-06-26 10:57:00","Sailing Vessel",
ZIN,ARRIVAL,Port,CORFU,"2022-06-27 11:10:00",GAIOS,GAIOS,"Not in Transit",244090554,"2022-06-27 06:19:00","Pleasure Craft",
"HASTA LA VISTA",DEPARTURE,Port,WANDRE,"2022-06-27 11:10:00",,,"Not in Transit",205469090,,Cargo,
"GELMOND 3",DEPARTURE,Anchorage,"KAVKAZ SOUTH ANCH","2022-06-27 11:10:00",,,"Not in Transit",341588000,,Cargo,5492
"PATARAVARIN 88",ARRIVAL,Port,BANGKOK,"2022-06-27 11:10:00","MAP TA PHUT","MAP TA PHUT","Not in Transit",567066300,"2022-06-23 21:31:00",Tanker,2222
RODVENFJORD,DEPARTURE,Port,AFARNES,"2022-06-27 11:10:00",,,"Not in Transit",258011780,,Passenger,810
"FIAMMETTA M",DEPARTURE,Port,SALINA,"2022-06-27 11:10:00",,,"Not in Transit",247679000,,Passenger,20
"NOBLE KNIGHT TG36",ARRIVAL,Port,SINGAPORE,"2022-06-27 11:10:00",SINGAPORE,SINGAPORE,"Not in Transit",563006410,"2022-06-27 10:45:00",Tug,132
PERNILLE,DEPARTURE,Port,HELSINGBORG,"2022-06-27 11:10:00",,,"Not in Transit",219014974,,Passenger,60
"ABEL TASMAN",DEPARTURE,Port,KIEL,"2022-06-27 11:10:00",,,"Not in Transit",245877000,,"Sailing Vessel",
"ISOLA DEL GIGLIO",DEPARTURE,Port,"GIGLIO PORTO","2022-06-27 11:10:00",,,"Not in Transit",247621000,,Passenger,690
"AGERSOE III",DEPARTURE,Port,STIGSNAES,"2022-06-27 11:10:00",,,"Not in Transit",219016832,,Passenger,360
"X OTIC",ARRIVAL,Port,COPENHAGEN,"2022-06-27 11:10:00",DRAGOER,DRAGOER,"Not in Transit",219014474,"2022-06-27 08:58:00","Sailing Vessel",
HABICHT,DEPARTURE,Port,TRAVEMUNDE,"2022-06-27 11:10:00",,,"Not in Transit",211553850,,"Special Craft",
WANWANSHUN8888,ARRIVAL,Port,JINGJIANG,"2022-06-27 11:10:00",SHANGHAI,SHANGHAI,"Not in Transit",413970793,"2022-06-23 23:05:00",Cargo,
"BERGEN TS",DEPARTURE,Anchorage,"PASCAGOULA ANCH","2022-06-27 11:10:00",,,"Not in Transit",248024000,,Tanker,113039
"KYOKAI MARU NO.75",ARRIVAL,Port,UBE,"2022-06-27 11:10:00",TSUKINOKAWA,TSUKINOKAWA,"Not in Transit",431400692,"2022-06-27 03:11:00",Tanker,1186
DELIDENIZ,DEPARTURE,Anchorage,"ISTANBUL ANCH","2022-06-27 11:10:00",,,"Not in Transit",271010654,,Tanker,
TARKANA,ARRIVAL,Port,MERKSEM,"2022-06-27 11:10:00",ANTWERP,ANTWERP,"Not in Transit",205423690,"2022-06-27 11:09:00",Cargo,
IMAFUKU,ARRIVAL,Port,ONOMICHIITOZAKI,"2022-06-27 11:10:00",KURE,KURE,"Not in Transit",431013913,"2022-06-27 08:54:00",Cargo,900
AAPAAM,ARRIVAL,Port,VLIELAND,"2022-06-27 11:10:00",KORNWERDERZAND,KORNWERDERZAND,"Not in Transit",211521670,"2022-06-27 07:54:00","Sailing Vessel",
LIJNBAANSGRACHT,DEPARTURE,Port,ZWIJNDRECHT,"2022-06-27 11:10:00",,,"In Transit",244660265,,Tanker,
"NEW VISTA",DEPARTURE,Port,BEMMEL,"2022-06-27 11:10:00",,,"In Transit",244750529,,Cargo,
"VICKY B",ARRIVAL,Port,ROSARIO,"2022-06-27 11:10:00",MONTEVIDEO,MONTEVIDEO,"Not in Transit",755004432,"2022-06-25 15:38:00",Tanker,4942
"CARIBBEAN PRINCESS",ARRIVAL,Port,"GEORGE TOWN","2022-06-27 11:10:00","PORT EVERGLADES","PORT EVERGLADES","Not in Transit",310423000,"2022-06-25 21:05:00",Passenger,8418
"O RENAT",DEPARTURE,Port,FISKEBACK,"2022-06-27 11:10:00",,,"Not in Transit",265830900,,Fishing,
"SUNLIGHT POSEIDON",DEPARTURE,Anchorage,"SINGAPORE ANCH","2022-06-27 11:10:00",,,"Not in Transit",542196110,,Cargo,
"OCTANTIS TENDER 2",ARRIVAL,Port,"DULUTH SUPERIOR","2022-06-27 11:10:00","PARRY SOUND","PARRY SOUND","Not in Transit",982570175,"2022-06-20 21:05:00",Passenger,
BOEKANIER,DEPARTURE,Port,RIDDERKERK,"2022-06-27 11:10:00",,,"In Transit",244780217,,"Pleasure Craft",
ITSUKUSHIMA,ARRIVAL,Port,FUKUYAMA,"2022-06-27 11:10:00",FUNABASHI,FUNABASHI,"Not in Transit",431015487,"2022-06-25 19:14:00",Cargo,
"STOLT EMSLAND",DEPARTURE,Port,ASCHENDORF,"2022-06-27 11:10:00",,,"Not in Transit",244660295,,Tanker,
STETIND,DEPARTURE,Port,ANDENES,"2022-06-27 11:10:00",,,"Not in Transit",257215500,,Passenger,840
"SEASPAN BEAUTY",ARRIVAL,Anchorage,"PANAMA ANCH PACIFIC","2022-06-27 11:10:00",MANZANILLO,MANZANILLO,"Not in Transit",477478700,"2022-06-22 17:27:00",Cargo,119106
THAIS,ARRIVAL,Port,HELSINGBORG,"2022-06-27 11:10:00",MOLLE,"HELSINGOR ANCH","Not in Transit",265033640,"2022-06-27 07:01:00","Pleasure Craft",
SCIRE,DEPARTURE,Port,"DEN OEVER","2022-06-27 11:10:00",,,"Not in Transit",211671870,,"Sailing Vessel",
VOLDA,ARRIVAL,Port,STRANDA,"2022-06-27 11:10:00",STRANDA,STRANDA,"Not in Transit",258505000,"2022-06-27 10:50:00",Passenger,655
HAIXUN06817,DEPARTURE,Port,ZHANGJIAGANG,"2022-06-27 11:10:00",,,"Not in Transit",413868468,,"Special Craft",
"E.T. OCEAN 17",ARRIVAL,Port,SINGAPORE,"2022-06-27 11:10:00",SINGAPORE,SINGAPORE,"Not in Transit",563022050,"2022-06-27 10:51:00",Tug,
"ZHONG CHANG 398",ARRIVAL,Port,LIANYUNGANG,"2022-06-27 11:10:00",CAOFEIDIAN,CAOFEIDIAN,"Not in Transit",413941000,"2022-06-25 09:10:00",Cargo,57158
"GLOBAL NEPTUNE",ARRIVAL,Port,"LUBUK GAUNG","2022-06-27 11:10:00",KANDLA,"DUMAI ANCH","Not in Transit",354511000,"2022-06-18 00:41:00",Tanker,16509
"BLUE PEARL",ARRIVAL,Port,STUBBEKOBING,"2022-06-27 11:10:00",HARBOLLE,HARBOLLE,"Not in Transit",244140026,"2022-06-27 10:39:00","Pleasure Craft",
"WADI WURAYAH",DEPARTURE,Port,FUJAIRAH,"2022-06-27 11:10:00",,,"Not in Transit",470484000,,"Special Craft",16
SUIONICA,ARRIVAL,Port,UMAG,"2022-06-27 11:10:00",,,"Not in Transit",211419340,,"Pleasure Craft",
"RWS 24",DEPARTURE,Port,UTRECHT,"2022-06-27 11:10:00",,,"Not in Transit",244710260,,Other,
"TAN CANG A8",DEPARTURE,Port,"HAI PHONG","2022-06-27 11:10:00",,,"Not in Transit",574002920,,Tug,
"DON PEPPINO",DEPARTURE,Port,POZZUOLI,"2022-06-27 11:10:00",,,"Not in Transit",247459000,,Passenger,288
WERDERLAND,DEPARTURE,Port,BREMEN,"2022-06-27 11:10:00",,,"Not in Transit",211627320,,"Special Craft",
"SPIRIT OF THE SEA",DEPARTURE,Port,ARGUINEGUIN,"2022-06-27 11:10:00",,,"Not in Transit",224010460,,Passenger,
"CAPE ELIZABETH",ARRIVAL,Port,"SPARROWS POINT","2022-06-27 11:10:00",BALTIMORE,"BALTIMORE ANCH","Not in Transit",367474640,"2022-06-25 13:10:00","Special Craft",
HAOHANG1009,ARRIVAL,Port,YICHANG,"2022-06-27 11:10:00",SHANGHAI,SHANGHAI,"Not in Transit",413856433,"2022-06-27 10:46:00",Cargo,
P9,ARRIVAL,Port,MAASSLUIS,"2022-06-27 11:10:00",PARKHAVEN,PARKHAVEN,"Not in Transit",244060967,"2022-06-27 10:35:00","Special Craft",
VITTE,ARRIVAL,Port,SCHAPRODE,"2022-06-27 11:10:00",HIDDENSEE,HIDDENSEE,"Not in Transit",211532870,"2022-06-27 10:37:00",Passenger,
PEARL,ARRIVAL,Port,BARCELONA,"2022-06-27 11:10:00","PORT VELL","PORT VELL","Not in Transit",211852700,"2022-06-27 09:32:00","Sailing Vessel",
INFINITY,ARRIVAL,Port,AMSTERDAM,"2022-06-27 11:10:00",IJMOND,IJMOND,"Not in Transit",244870652,"2022-06-27 11:07:00","Sailing Vessel",
"MSC AMELIA",ARRIVAL,Port,ALGECIRAS,"2022-06-27 11:10:00",ANTWERP,ANTWERP,"Not in Transit",636020543,"2022-06-24 08:32:00",Cargo,228406
INCA,ARRIVAL,Port,ZELZATE,"2022-06-27 11:10:00",GHENT,GHENT,"Not in Transit",244690110,"2022-06-27 11:09:00",Tug,
"KMP LABITRA SAFINAF",ARRIVAL,Port,GILIMANUK,"2022-06-27 11:10:00",GILIMANUK,GILIMANUK,"Not in Transit",525010148,"2022-06-27 10:28:00",Passenger,
ZEUS,ARRIVAL,Port,ROSTOV-ON-DON,"2022-06-27 11:10:00",ROSTOV-ON-DON,ROSTOV-ON-DON,"Not in Transit",273368670,"2022-06-24 20:13:00",Tanker,
WESTGEUL,DEPARTURE,Port,RHENEN,"2022-06-27 11:10:00",,,"In Transit",244700333,,Cargo,
MELAKS,DEPARTURE,Port,TORANGSVAG,"2022-06-27 11:10:00",,,"Not in Transit",257148900,,Tug,
"ENG HUP VIGIL",ARRIVAL,Anchorage,"SINGAPORE ANCH","2022-06-27 11:10:00",SINGAPORE,SINGAPORE,"Not in Transit",563055000,"2022-06-27 10:59:00",Tug,245
VENTO,ARRIVAL,Port,DEVENTER,"2022-06-27 11:10:00",KAMPEN,KAMPEN,"Not in Transit",244670453,"2022-06-27 07:47:00",Cargo,
PANTOKRATOR,ARRIVAL,Port,PIRAEUS,"2022-06-27 11:10:00",PERAMA,PERAMA,"Not in Transit",241443000,"2022-06-27 11:07:00",Tug,450
DAENG,ARRIVAL,Port,KJOLLEFJORD,"2022-06-27 11:10:00",KJOLLEFJORD,KJOLLEFJORD,"Not in Transit",257877590,"2022-06-27 02:53:00",Fishing,
"OINOUSSAI III",DEPARTURE,Port,CHIOS,"2022-06-27 11:10:00",,,"Not in Transit",237014600,,Passenger,80
PARADERO,DEPARTURE,Port,"PUERTO CORTES","2022-06-27 11:10:00",,,"Not in Transit",305723000,,Cargo,11193
SEMACA,DEPARTURE,Port,"NIEUWE NIEDORP","2022-06-27 11:10:00",,,"Not in Transit",244981075,,"Pleasure Craft",
"SOLFAR I",DEPARTURE,Port,AKUREYRI,"2022-06-27 11:10:00",,,"Not in Transit",251541110,,Passenger,
"CAPT MARK SUMMERS",ARRIVAL,Port,BEACON,"2022-06-27 11:10:00",NEWBURGH,NEWBURGH,"Not in Transit",366990570,"2022-06-27 11:08:00",Passenger,
"MISS MELINA",DEPARTURE,Port,NESSEBAR,"2022-06-27 11:10:00",,,"In Transit",207836840,,"Sailing Vessel",
QIJI938,DEPARTURE,Port,LIJIANG,"2022-06-27 11:10:00",,,"Not in Transit",413848645,,Cargo,
"KAI GUANG 77",DEPARTURE,Port,JIANGYIN,"2022-06-27 11:10:00",,,"In Transit",412502880,,Cargo,
ADRIANA,DEPARTURE,Port,BEMMEL,"2022-06-27 11:10:00",,,"In Transit",244750594,,Cargo,
"DODEKANISOS PRIDE",ARRIVAL,Port,RHODES,"2022-06-27 11:10:00",KOS,KOS,"Not in Transit",240383000,"2022-06-27 09:11:00","High Speed Craft",51
IDEAAL,ARRIVAL,Port,HARLINGEN,"2022-06-27 11:10:00",HARLINGEN,HARLINGEN,"Not in Transit",244070264,"2022-06-26 22:49:00",Passenger,
NADORIAS,DEPARTURE,Port,"ROTTERDAM BOTLEK","2022-06-27 11:10:00",,,"Not in Transit",244660004,,Cargo,
SKORGENES,DEPARTURE,Port,SOVIK,"2022-06-27 11:10:00",,,"Not in Transit",257808700,,"Special Craft",
"AQUILA PILOTS",DEPARTURE,Port,ROTTERDAM,"2022-06-27 11:10:00",,,"Not in Transit",246656000,,"Special Craft",
SUPERBO,DEPARTURE,Port,CHIOGGIA,"2022-06-27 11:10:00",,,"Not in Transit",247059380,,Fishing,
EUPHORIA,ARRIVAL,Port,ITHAKI,"2022-06-27 11:10:00","VATHI MEGANISI","VATHI MEGANISI","Not in Transit",240199400,"2022-06-26 07:19:00","Sailing Vessel",
KREUZENSTEIN,ARRIVAL,Port,KREMS,"2022-06-27 11:10:00",ALTENWORTH,ALTENWORTH,"Not in Transit",203999383,"2022-06-27 08:52:00",Cargo,
HJELMELAND,ARRIVAL,Port,HJELMELAND,"2022-06-27 11:10:00",NESVIK,NESVIK,"Not in Transit",257282400,"2022-06-27 11:04:00",Passenger,575
"CEST LA VIE",DEPARTURE,Port,JACKSONVILLE,"2022-06-27 11:10:00",,,"In Transit",367521350,,"Pleasure Craft",
"DK PILOT 16",DEPARTURE,Port,CALAIS,"2022-06-27 11:10:00",,,"Not in Transit",227175810,,"Special Craft",
"AGONISTIS Z",DEPARTURE,Port,PERAMA,"2022-06-27 11:10:00",,,"Not in Transit",241370000,,Tug,285
"M.BOAT 22",DEPARTURE,Port,EREGLI,"2022-06-27 11:10:00",,,"Not in Transit",271046448,,"Special Craft",
I.MADDALENA,DEPARTURE,Port,PALAU,"2022-06-27 11:10:00",,,"Not in Transit",247404700,,Passenger,124
"LADY SHELLEY",DEPARTURE,Port,MGARR,"2022-06-27 11:10:00",,,"Not in Transit",229000793,,Passenger,
NEPTUNE,DEPARTURE,Port,"BOULOGNE BILLANCOURT","2022-06-27 11:10:00",,,"In Transit",226006290,,Cargo,
DANMARIS,DEPARTURE,Port,BAARN,"2022-06-27 11:10:00",,,"In Transit",244870258,,Cargo,
"WETWHEELS JERSEY",DEPARTURE,Port,"ST HELIER","2022-06-27 11:10:00",,,"Not in Transit",235101495,,"Pleasure Craft",
"XING LONG JI 6988",DEPARTURE,Port,JIANGYIN,"2022-06-27 11:10:00",,,"Not in Transit",413991745,,Cargo,
"QUEEN B",ARRIVAL,Port,DRAGOER,"2022-06-27 11:10:00","VEDBAEK HAVN","VEDBAEK HAVN","Not in Transit",219022589,"2022-06-27 09:03:00","Sailing Vessel",
"HYDROVAC 20",ARRIVAL,Port,S-GRAVENDEEL,"2022-06-27 11:10:00",MOERDIJK,MOERDIJK,"Not in Transit",244700193,"2022-06-27 10:54:00",Tanker,
"MISTER JACKSON",DEPARTURE,Anchorage,"SHARJAH ANCH","2022-06-27 11:10:00",,,"Not in Transit",620668000,,Tug,336
"SWIFT LADY",ARRIVAL,Port,"HUGH TOWN","2022-06-27 11:10:00","ST AGNES","ST AGNES","Not in Transit",235020989,"2022-06-27 10:17:00","High Speed Craft",
"L HIPPOCAMPE",ARRIVAL,Port,MAURIK,"2022-06-27 11:10:00",NIEUWEGEIN,NIEUWEGEIN,"Not in Transit",244810480,"2022-06-27 08:20:00","Pleasure Craft",
"C TURMALINA",ARRIVAL,Port,TUBARAO,"2022-06-27 11:10:00",VITORIA,VITORIA,"Not in Transit",710027550,"2022-06-27 03:29:00",Tug,
YANKEE,ARRIVAL,Port,VIVEGNIS,"2022-06-27 11:10:00",GENK,GENK,"Not in Transit",205436290,"2022-06-25 14:46:00",Cargo,
"RESCUE CECILIA BRATT",ARRIVAL,Port,KARLSKRONA,"2022-06-27 11:10:00",STENSHAMN,STENSHAMN,"Not in Transit",265754480,"2022-06-27 09:52:00","Search and Rescue",
SPERANZA,ARRIVAL,Port,DRUTEN,"2022-06-27 11:10:00",OCHTEN,OCHTEN,"Not in Transit",244670710,"2022-06-27 06:15:00",Cargo,
YANGANGTUOJIU,ARRIVAL,Port,SHENZHEN,"2022-06-27 11:10:00","DA CHAN BAY","DA CHAN BAY","Not in Transit",412466960,"2022-06-27 11:08:00",Tug,
CRESCENDO,ARRIVAL,Port,DEEST,"2022-06-27 11:10:00",S-HERTOGENBOSCH,S-HERTOGENBOSCH,"Not in Transit",244670604,"2022-06-27 07:06:00",Tanker,
"PANAGIA THASOU",DEPARTURE,Port,KAVALA,"2022-06-27 11:10:00",,,"Not in Transit",237009300,,Passenger,1274
"YU DUO JI 308",DEPARTURE,Port,CHANGZHOU,"2022-06-27 11:10:00",,,"In Transit",413774935,,Cargo,
GELIBOLU,ARRIVAL,Port,TOPCULAR,"2022-06-27 11:10:00",ESKIHISAR,ESKIHISAR,"Not in Transit",271046011,"2022-06-27 10:44:00",Passenger,
NEPTUNUS,DEPARTURE,Port,"SAS VAN GENT","2022-06-27 11:10:00",,,"In Transit",253242332,,Tanker,
VIKING,ARRIVAL,Port,NORDERNEY,"2022-06-27 11:10:00",CUXHAVEN,CUXHAVEN,"Not in Transit",244030962,"2022-06-27 00:17:00","Sailing Vessel",
ELDING,DEPARTURE,Port,REYKJAVIK,"2022-06-27 11:10:00",,,"Not in Transit",251393110,,Passenger,
FIERAMOSCA,DEPARTURE,Anchorage,"GENOVA ANCH","2022-06-27 11:10:00",,,"Not in Transit",247204970,,"Sailing Vessel",
"NIKO NIKOLADZE",DEPARTURE,Anchorage,"POTI ANCH","2022-06-27 11:10:00",,,"Not in Transit",213584000,,"Special Craft",895
"BASTO ELECTRIC",DEPARTURE,Port,MOSS,"2022-06-27 11:10:00",,,"Not in Transit",257122880,,Passenger,1350
"JIANG YIN DU QI HAO",ARRIVAL,Port,JIANGYIN,"2022-06-27 11:10:00",JIANGYIN,JIANGYIN,"Not in Transit",413815897,"2022-06-27 09:08:00",Passenger,
"VEERHAVEN X",ARRIVAL,Port,NIJMEGEN,"2022-06-27 11:10:00",SCHWELGERN,SCHWELGERN,"Not in Transit",244620947,"2022-06-27 06:02:00",Cargo,
"JANA 21",ARRIVAL,Port,SAFANIYA,"2022-06-27 11:10:00",TANAJIB,TANAJIB,"Not in Transit",403782770,"2022-06-25 03:07:00","Special Craft",270
"PC SURMAPP",DEPARTURE,Anchorage,"CALLAO ANCH","2022-06-27 11:10:00",,,"Not in Transit",871430057,,"Special Craft",
AMIGOS,ARRIVAL,Port,BONN,"2022-06-27 11:10:00",DUISBURG,DUISBURG,"Not in Transit",244660073,"2022-06-26 15:45:00",Cargo,
"ZAMIL 58",DEPARTURE,Port,TANAJIB,"2022-06-27 11:10:00",,,"Not in Transit",403615000,,"Special Craft",1949
STOKKAFJORD,DEPARTURE,Port,TJOTTA,"2022-06-27 11:10:00",,,"Not in Transit",258007770,,Passenger,450
MANHATTAN,ARRIVAL,Port,ANTWERP,"2022-06-27 11:10:00",WINTHAM,WINTHAM,"Not in Transit",205203590,"2022-06-27 10:43:00",Cargo,
"PIZ ARINA",ARRIVAL,Port,LELYSTAD,"2022-06-27 11:10:00",AMSTERDAM,AMSTERDAM,"Not in Transit",244187966,"2022-06-27 08:56:00",Tanker,1781
"SYMPHONY BL",ARRIVAL,Anchorage,"MERGELLINA ANCH","2022-06-27 11:10:00",MERGELLINA,MERGELLINA,"Not in Transit",983192282,"2022-06-25 15:45:00","Pleasure Craft",
QUATTRO,DEPARTURE,Port,BRUINISSE,"2022-06-27 11:10:00",,,"Not in Transit",205665530,,"Pleasure Craft",
TORCELLO,DEPARTURE,Port,VENICE,"2022-06-27 11:10:00",,,"Not in Transit",247290400,,Passenger,107
ROSLAGEN,ARRIVAL,Port,STAVSNAS,"2022-06-27 11:10:00","SALTSJOEBADENS KSSS","SALTSJOEBADENS KSSS","Not in Transit",265522490,"2022-06-27 08:26:00",Passenger,60
"PARK ISLAND 8",ARRIVAL,Port,"HONG KONG","2022-06-27 11:10:00","HONG KONG","HONG KONG","Not in Transit",477995073,"2022-06-27 09:51:00","High Speed Craft",24
ELIANA,DEPARTURE,Port,TROSA,"2022-06-27 11:10:00",,,"Not in Transit",211456060,,"Sailing Vessel",
JIUHUASHAN258,DEPARTURE,Port,NANTONG,"2022-06-27 11:10:00",,,"In Transit",413766202,,Cargo,
"NICOLE LEIGH REINAUER",DEPARTURE,Port,NEWBURGH,"2022-06-27 11:10:00",,,"Not in Transit",366774330,,Tug,
"NEED FOR SPEED",ARRIVAL,Port,OSLO,"2022-06-27 11:10:00",GOTEBORG,GOTEBORG,"Not in Transit",265677810,"2022-06-23 09:01:00","Pleasure Craft",
"DALBY TRENT",ARRIVAL,Anchorage,"SOUTHWOLD ANCH","2022-06-27 11:10:00",LOWESTOFT,LOWESTOFT,"Not in Transit",235094718,"2022-06-27 06:13:00","High Speed Craft",
NANHANGSHUN8168,ARRIVAL,Port,HONGWAN,"2022-06-27 11:10:00",HONGWAN,HONGWAN,"Not in Transit",413993319,"2022-06-25 23:45:00",Cargo,
MIRYANA,ARRIVAL,Port,ANGEREN,"2022-06-27 11:10:00",ZUTPHEN,ZUTPHEN,"Not in Transit",244110172,"2022-06-27 06:25:00",Cargo,
"WR161 DE JACOB JR",DEPARTURE,Port,BREEZANDDIJK,"2022-06-27 11:10:00",,,"In Transit",244135000,,Fishing,
AMPHIRO,DEPARTURE,Port,"ROTTERDAM WAALHAVEN","2022-06-27 11:10:00",,,"In Transit",244660252,,Tanker,4306
"VENTURE PRIDE",DEPARTURE,Port,"CRUZ BAY","2022-06-27 11:10:00",,,"Not in Transit",367426410,,Other,
"SIFNOS JET",ARRIVAL,Port,RAFINA,"2022-06-27 11:10:00",TINOS,TINOS,"Not in Transit",210205000,"2022-06-27 09:14:00","High Speed Craft",120
CONCERTO,ARRIVAL,Port,"BUSAN NEW PORT","2022-06-27 11:10:00",KOBE,KOBE,"Not in Transit",538009275,"2022-06-26 01:02:00",Cargo,13684
"MARIA BETHANIA",DEPARTURE,Port,SALVADOR,"2022-06-27 11:10:00",,,"Not in Transit",710001853,,Passenger,1135
"SHANNON BREEZE",DEPARTURE,Port,KILLIMER,"2022-06-27 11:10:00",,,"Not in Transit",250297000,,Cargo,313
AGAT,DEPARTURE,Port,GDYNIA,"2022-06-27 11:10:00",,,"Not in Transit",261001250,,Passenger,83
"CHRISTIAN NEHLS",ARRIVAL,Port,HAMBURG,"2022-06-27 11:10:00",HAMBURG,HAMBURG,"Not in Transit",211701610,"2022-06-27 10:45:00",Cargo,
"VITTORIA M",ARRIVAL,Port,FAVIGNANA,"2022-06-27 11:10:00",LEVANZO,LEVANZO,"Not in Transit",247139400,"2022-06-27 11:03:00","High Speed Craft",50
ENDELAVE,DEPARTURE,Port,ENDELAVE,"2022-06-27 11:10:00",,,"Not in Transit",219000781,,Passenger,190
"CLOUD 21",ARRIVAL,Port,"NY ALESUND","2022-06-27 11:10:00",LONGYEARBYEN,"LONGYEARBYEN ANCH","Not in Transit",983110161,"2022-06-23 16:01:00","Special Craft",
SEBA,DEPARTURE,Port,IJSSELOOG,"2022-06-27 11:10:00",,,"In Transit",244660359,,Tanker,
SUPPLIER,ARRIVAL,Port,FISKEBACK,"2022-06-27 11:09:00",GOTEBORG,GOTEBORG,"Not in Transit",219014435,"2022-06-27 10:59:00",Other,
ERMIONI,DEPARTURE,Port,"AGIOI THEODOROI","2022-06-27 11:09:00",,,"Not in Transit",241590000,,Tug,52
"CTR TY0249",DEPARTURE,"Offshore Terminal",SHALUNG,"2022-06-27 11:09:00",,,"Not in Transit",416066102,,Fishing,
JASMINE,DEPARTURE,Anchorage,"SUEZ SOUTH ANCH","2022-06-27 11:09:00",,,"Not in Transit",511100266,,Cargo,8242
VECTOR,DEPARTURE,Port,DRAMMEN,"2022-06-27 11:09:00",,,"Not in Transit",257082160,,"Pleasure Craft",
"EVONNE GOOLAGONG",ARRIVAL,Port,"DRUMMOYNE SYDNEY","2022-06-27 11:09:00","RODD POINT","RODD POINT","Not in Transit",503376300,"2022-06-27 11:06:00",Passenger,50
TARKANA,DEPARTURE,Port,ANTWERP,"2022-06-27 11:09:00",,,"Not in Transit",205423690,,Cargo,
LINZ,DEPARTURE,Port,FREUDENAU,"2022-06-27 11:09:00",,,"Not in Transit",203999366,,"Special Craft",
"NO PROBLEM V",ARRIVAL,Port,BRIELLE,"2022-06-27 11:09:00",RHOON,RHOON,"Not in Transit",244002952,"2022-06-27 09:19:00",Passenger,
WAGTAIL,ARRIVAL,Port,MEVAGISSEY,"2022-06-27 11:09:00",FALMOUTH,FALMOUTH,"Not in Transit",235053508,"2022-06-21 14:47:00","Sailing Vessel",
"HAI AN",ARRIVAL,Port,"HONG KONG","2022-06-27 11:09:00","HONG KONG","HONG KONG","Not in Transit",477335800,"2022-06-27 10:47:00",Tug,183
MANI,DEPARTURE,Port,THORLAKSHOFN,"2022-06-27 11:09:00",,,"Not in Transit",251361740,,Fishing,
TERNINGEN,ARRIVAL,Port,BREKSTAD,"2022-06-27 11:09:00",TRONDHEIM,TRONDHEIM,"Not in Transit",257333000,"2022-06-27 10:21:00","High Speed Craft",
WANGUOXIANGSHUN,ARRIVAL,Port,ZHENJIANG,"2022-06-27 11:09:00",WUHAN,WUHAN,"Not in Transit",413794146,"2022-06-25 17:45:00",Cargo,
BENGEL,ARRIVAL,Anchorage,"LEIXOES ANCH","2022-06-27 11:09:00",LEIXOES,LEIXOES,"Not in Transit",253746000,"2022-06-27 10:53:00","Special Craft",6626
"DWS GHALIB",ARRIVAL,Port,"AMADOR CRUISE PORT","2022-06-27 11:09:00","AMADOR CRUISE PORT","AMADOR CRUISE PORT","Not in Transit",373000002,"2022-06-27 04:43:00","Search and Rescue",
EIYOSHIMARU,ARRIVAL,Port,HAKATA,"2022-06-27 11:09:00","OSHIMA NAGASAKI","OSHIMA NAGASAKI","Not in Transit",431015608,"2022-06-27 05:22:00",Cargo,
"LE ROZEL",ARRIVAL,Port,BLAINVILLE-SUR-ORNE,"2022-06-27 11:09:00",OUISTREHAM,OUISTREHAM,"Not in Transit",228098070,"2022-06-27 10:41:00",Tug,
JANNEKE,DEPARTURE,Port,BURGUM,"2022-06-27 11:09:00",,,"In Transit",244700612,,Cargo,
"NEC VISION",DEPARTURE,Port,"PORT OF SPAIN","2022-06-27 11:09:00",,,"Not in Transit",362027000,,Tug,
MENHADEN,ARRIVAL,Port,BOSTON,"2022-06-27 11:09:00","SUNSET MARINE","SUNSET MARINE","Not in Transit",338444184,"2022-06-27 08:47:00",Fishing,
"KIES UELI",ARRIVAL,Port,AUHAFEN,"2022-06-27 11:09:00",BIRSFELDEN,BIRSFELDEN,"Not in Transit",269056737,"2022-06-27 04:59:00",Cargo,
"JUMPING FITNESS",ARRIVAL,Port,UNIJE,"2022-06-27 11:09:00","MARINA VERUDA TECHNO","MARINA VERUDA TECHNO","Not in Transit",270726000,"2022-06-27 07:07:00","Pleasure Craft",
"PILOT 747 SE",DEPARTURE,Port,DJUPVIK,"2022-06-27 11:09:00",,,"Not in Transit",265514850,,"Special Craft",
COOEE,DEPARTURE,Port,PROCIDA,"2022-06-27 11:09:00",,,"In Transit",211850480,,"Pleasure Craft",
"RP BRUSSEL",DEPARTURE,Port,NIJMEGEN,"2022-06-27 11:09:00",,,"In Transit",269057472,,Tanker,2540
"MAY GIBBS",DEPARTURE,Port,"ROSE BAY","2022-06-27 11:09:00",,,"Not in Transit",503059930,,Passenger,
"METEOR 184",ARRIVAL,Port,KRONSHTADT,"2022-06-27 11:09:00","ST PETERSBURG","ST PETERSBURG","Not in Transit",273354370,"2022-06-27 10:42:00",Passenger,
"LET IT BE",ARRIVAL,Port,UMAG,"2022-06-27 11:09:00",LUCIJA,LUCIJA,"Not in Transit",211285870,"2022-06-27 09:01:00","Sailing Vessel",
"MSV AL GAYATRI",DEPARTURE,Port,"FATEH OIL FIELD","2022-06-27 11:09:00",,,"In Transit",419956012,,Cargo,
"PGC STRIDENT FORCE",DEPARTURE,Port,ASPROPYRGOS,"2022-06-27 11:09:00",,,"Not in Transit",255806149,,Tanker,8485
COCLE,DEPARTURE,Port,BALBOA,"2022-06-27 11:09:00",,,"Not in Transit",354304000,,Tug,
TEXELSTROOM,DEPARTURE,Port,TEXEL,"2022-06-27 11:09:00",,,"Not in Transit",244870335,,Passenger,1684
YOULIANJIAO3,DEPARTURE,Port,SHENZHEN,"2022-06-27 11:09:00",,,"Not in Transit",413866583,,Passenger,
"LIZA MARLEEN",DEPARTURE,Port,LEEUWARDEN,"2022-06-27 11:09:00",,,"In Transit",244710298,,"Sailing Vessel",
"WILSON DORDRECHT",ARRIVAL,Port,"ROTTERDAM CENTRUM","2022-06-27 11:09:00","ROTTERDAM CENTRUM","ROTTERDAM CENTRUM","Not in Transit",314474000,"2022-06-27 10:13:00",Cargo,3000
"SABATER R",DEPARTURE,Port,TIGRE,"2022-06-27 11:09:00",,,"In Transit",701006867,,Other,
DELAWARE,DEPARTURE,Port,"CAPE MAY","2022-06-27 11:09:00",,,"Not in Transit",366914210,,Passenger,420
"HAI SHEN 11 HAO",DEPARTURE,Port,"MEIZHOU ISLAND","2022-06-27 11:09:00",,,"Not in Transit",412705380,,Passenger,
"VB TRON",ARRIVAL,Port,ALGECIRAS,"2022-06-27 11:09:00",ALGECIRAS,ALGECIRAS,"Not in Transit",224248000,"2022-06-27 10:35:00","Special Craft",266
BOERAN,DEPARTURE,Port,KOELN,"2022-06-27 11:09:00",,,"In Transit",244660421,,Tanker,
"DUZGIT BUYUKDERE",DEPARTURE,Port,ZEYTINBURNU,"2022-06-27 11:09:00",,,"Not in Transit",271043786,,"Special Craft",
EXAUDI,DEPARTURE,Port,LIEGE,"2022-06-27 11:09:00",,,"In Transit",205268890,,Cargo,
INCA,DEPARTURE,Port,GHENT,"2022-06-27 11:09:00",,,"Not in Transit",244690110,,Tug,
CUPIDO,DEPARTURE,Port,"ROTTERDAM CENTRUM","2022-06-27 11:09:00",,,"In Transit",205422290,,Cargo,
YAM,DEPARTURE,Port,ANDENES,"2022-06-27 11:09:00",,,"Not in Transit",257856500,,Passenger,
"BLUE CRUSH",DEPARTURE,Port,"PORT ERIE","2022-06-27 11:09:00",,,"Not in Transit",338302017,,"Pleasure Craft",
OSCARKE,ARRIVAL,Port,NIGTEVECHT,"2022-06-27 11:09:00",WEESP,WEESP,"Not in Transit",205545630,"2022-06-27 10:33:00","Pleasure Craft",
"VESLEO II",DEPARTURE,Port,STROMSTAD,"2022-06-27 11:09:00",,,"Not in Transit",259491000,,Passenger,49
"SNAV ANTARES",ARRIVAL,Port,PROCIDA,"2022-06-27 11:09:00",NAPOLI,NAPOLI,"Not in Transit",247058900,"2022-06-27 10:42:00",Passenger,31
TITAN,ARRIVAL,Anchorage,EVERINGEN,"2022-06-27 11:09:00",VLISSINGEN,VLISSINGEN,"Not in Transit",244650884,"2022-06-27 10:59:00",Cargo,3609
IJSLAND,DEPARTURE,Port,ANGEREN,"2022-06-27 11:09:00",,,"In Transit",244780264,,Cargo,
JANNIE,DEPARTURE,Port,ARNHEM,"2022-06-27 11:09:00",,,"In Transit",244700872,,Cargo,
"MALI PRINC",ARRIVAL,Port,KAPRIJE,"2022-06-27 11:09:00",ZIRJE,ZIRJE,"Not in Transit",238330740,"2022-06-27 10:56:00","High Speed Craft",21
"MSTX 7",DEPARTURE,Port,PERNIS,"2022-06-27 11:09:00",,,"Not in Transit",244820300,,"High Speed Craft",
KLEINENSIEL,DEPARTURE,Port,BRAKE,"2022-06-27 11:09:00",,,"Not in Transit",211124650,,Passenger,
COPENHAGEN,ARRIVAL,Port,ROSTOCK,"2022-06-27 11:09:00",GEDSER,GEDSER,"Not in Transit",219423000,"2022-06-27 09:35:00",Passenger,5000
PIETARI,ARRIVAL,Port,TRASLOVSLAGE,"2022-06-27 11:09:00",VARBERG,VARBERG,"Not in Transit",230025540,"2022-06-27 10:59:00","Pleasure Craft",
THREANT,DEPARTURE,Port,JIRNSUM,"2022-06-27 11:09:00",,,"In Transit",244620670,,Cargo,
"ACUARIUM JET",ARRIVAL,Port,"PUERTO RICO","2022-06-27 11:09:00","PUERTO ANFI","PUERTO ANFI","Not in Transit",224006780,"2022-06-27 11:07:00",Passenger,
VEERWEL,DEPARTURE,Port,"HOEK VAN HOLLAND","2022-06-27 11:09:00",,,"Not in Transit",244750694,,Passenger,
"GREY LADY IV",ARRIVAL,Port,NANTUCKET,"2022-06-27 11:09:00",HYANNIS,HYANNIS,"Not in Transit",367720690,"2022-06-27 10:19:00","High Speed Craft",
BIOKOVO,DEPARTURE,Port,ROGAC,"2022-06-27 11:09:00",,,"Not in Transit",238936140,,Passenger,560
IONIS,DEPARTURE,Port,KEA,"2022-06-27 11:09:00",,,"Not in Transit",239308000,,Passenger,880
OTTER,ARRIVAL,Port,PANNERDEN,"2022-06-27 11:09:00",FUESTRUP,FUESTRUP,"Not in Transit",244615413,"2022-06-23 08:42:00","Pleasure Craft",
"DCI DREDGE XVII",ARRIVAL,Port,PARADIP,"2022-06-27 11:09:00",VISAKHAPATNAM,"PARADIP ANCH","Not in Transit",419018600,"2022-04-29 03:12:00","Special Craft",12408
"REGINA MARIS",DEPARTURE,Port,KIEL,"2022-06-27 11:09:00",,,"Not in Transit",246501000,,"Sailing Vessel",25
"ADNOC 512",DEPARTURE,Port,ZAKUM,"2022-06-27 11:09:00",,,"Not in Transit",470979000,,"Special Craft",1200
MYSTIQUE,DEPARTURE,Port,MEHRUM,"2022-06-27 11:09:00",,,"In Transit",244670777,,Cargo,
EVIDENT,ARRIVAL,Port,NIEUWERKERK,"2022-06-27 11:09:00",GOUDA,GOUDA,"Not in Transit",244700122,"2022-06-27 10:57:00",Cargo,
FINLANDIA,ARRIVAL,Port,HELSINKI,"2022-06-27 11:09:00","TALLINN OLD CITY","TALLINN OLD CITY","Not in Transit",230628000,"2022-06-27 09:21:00",Passenger,5506
BLIZZARD,ARRIVAL,Port,"ROTTERDAM WAALHAVEN","2022-06-27 11:09:00",ZWIJNDRECHT,ZWIJNDRECHT,"Not in Transit",244700557,"2022-06-27 09:51:00",Cargo,
JIANGSULUDU2032,DEPARTURE,Port,ZHENJIANG,"2022-06-27 11:09:00",,,"Not in Transit",413788463,,Passenger,
SOUTHPORT,DEPARTURE,Port,SOUTHPORT,"2022-06-27 11:09:00",,,"Not in Transit",367143160,,Cargo,
RIVAL,ARRIVAL,Port,OLFEN,"2022-06-27 11:09:00",GEESTHACHT,GEESTHACHT,"Not in Transit",244138978,"2022-06-25 11:40:00",Tanker,
"LA VIDA",ARRIVAL,Port,NEER,"2022-06-27 11:09:00",ROERMOND,ROERMOND,"Not in Transit",244002158,"2022-06-27 10:51:00",Cargo,
"ILLETAS JET",ARRIVAL,Port,FORMENTERA,"2022-06-27 11:09:00",IBIZA,IBIZA,"Not in Transit",225342000,"2022-06-27 10:42:00","High Speed Craft",36
"YOU LIAN TUO 5",DEPARTURE,Port,SHENZHEN,"2022-06-27 11:09:00",,,"Not in Transit",413473350,,Tug,
"LEKSTROOM I",ARRIVAL,Port,SCHIEDAM,"2022-06-27 11:09:00",LEKKERKERK,LEKKERKERK,"Not in Transit",244660566,"2022-06-27 09:33:00",Tug,
LONGSHENG5698,DEPARTURE,Port,SHANGHAI,"2022-06-27 11:09:00",,,"Not in Transit",413867191,,Cargo,
JIANHANG308,ARRIVAL,Port,"DONG GUAN","2022-06-27 11:09:00",HUANGPU,HUANGPU,"Not in Transit",413901039,"2022-06-27 09:59:00",Tanker,
CHESON,ARRIVAL,Port,SERAING,"2022-06-27 11:09:00",FLEMALLE,FLEMALLE,"Not in Transit",244700574,"2022-06-27 11:00:00",Tanker,
LONGWEI1098,DEPARTURE,Port,TONGLING,"2022-06-27 11:09:00",,,"Not in Transit",413833952,,Cargo,
"GOLDEN MARIANA",DEPARTURE,Port,"PAPA WESTRAY","2022-06-27 11:09:00",,,"Not in Transit",235021681,,Passenger,
"TAN CANG 86",DEPARTURE,Port,"HAI PHONG","2022-06-27 11:09:00",,,"Not in Transit",574003260,,Tug,
"MF CANAKKALE",DEPARTURE,Port,ESKIHISAR,"2022-06-27 11:09:00",,,"Not in Transit",271041249,,Passenger,1084
"HORIZON 6",DEPARTURE,Port,SINGAPORE,"2022-06-27 11:09:00",,,"Not in Transit",564346000,,"High Speed Craft",45
HONGPU66,DEPARTURE,Port,ZHOUSHAN,"2022-06-27 11:09:00",,,"Not in Transit",412434460,,Tanker,
"SEA FAIREY A",DEPARTURE,Port,"SAINT MANDRIER","2022-06-27 11:09:00",,,"Not in Transit",228027380,,"Sailing Vessel",
SIDDHARTA,ARRIVAL,Port,SAVONA,"2022-06-27 11:09:00","MARINA DI LOANO","MARINA DI LOANO","Not in Transit",247366310,"2022-06-27 06:38:00","Sailing Vessel",
INTREPIDO,DEPARTURE,Port,FAVIGNANA,"2022-06-27 11:09:00",,,"Not in Transit",247299900,,Passenger,
ASWINTHA,ARRIVAL,Port,S-GRAVENDEEL,"2022-06-27 11:09:00",DORDRECHT,DORDRECHT,"Not in Transit",244650699,"2022-06-27 11:02:00",Tanker,2514
HEFFESANT,DEPARTURE,Port,IJSSELOOG,"2022-06-27 11:09:00",,,"In Transit",244770328,,"Special Craft",
"BLUE STAR MYCONOS",ARRIVAL,Port,EVDILOS,"2022-06-27 11:09:00",MYKONOS,MYKONOS,"Not in Transit",240389000,"2022-06-27 09:14:00",Passenger,2679
ANTHRAZIT,ARRIVAL,Port,FRIEDRICHSFELD,"2022-06-27 11:09:00",MUNSTER,MUNSTER,"Not in Transit",211505730,"2022-06-26 08:19:00",Unspecified,
SAGITTARIUS,DEPARTURE,Port,EYEMOUTH,"2022-06-27 11:09:00",,,"Not in Transit",235030726,,Passenger,
"QUEEN BEATRIX II",DEPARTURE,Port,SABA,"2022-06-27 11:09:00",,,"Not in Transit",306973000,,Fishing,
"PRANA 2",ARRIVAL,Port,YSTAD,"2022-06-27 11:09:00",EKENAES,EKENAES,"Not in Transit",211550520,"2022-06-25 08:55:00","Sailing Vessel",
"BERMUDA ISLANDER",ARRIVAL,Port,SALEM,"2022-06-27 11:09:00","KINGS WHARF","KINGS WHARF","Not in Transit",244820000,"2022-06-24 17:09:00",Cargo,3820
ANGLEGARTH,DEPARTURE,Port,FINNART,"2022-06-27 11:09:00",,,"Not in Transit",232002698,,Tug,290
MANHATTAN,DEPARTURE,Port,HEMIKSEM,"2022-06-27 11:09:00",,,"In Transit",205203590,,Cargo,
RAPIDO,ARRIVAL,Port,HEMIKSEM,"2022-06-27 11:09:00",BRESKENS,BRESKENS,"Not in Transit",244660977,"2022-06-27 03:24:00",Cargo,
ESTHER,DEPARTURE,Port,TERHERNE,"2022-06-27 11:09:00",,,"In Transit",244750290,,Cargo,
TAIZUN68,DEPARTURE,Port,"HONG KONG","2022-06-27 11:09:00",,,"Not in Transit",413864202,,Cargo,
"XUAN YANG",DEPARTURE,Port,TAICANG,"2022-06-27 11:09:00",,,"Not in Transit",413358260,,Cargo,
"HU GANG YIN JIAO 17",DEPARTURE,Port,SHANGHAI,"2022-06-27 11:09:00",,,"Not in Transit",413380860,,"Special Craft",
"TAI GANG TUO 10",ARRIVAL,Port,TAICANG,"2022-06-27 11:09:00","TAICANG ANCH","TAICANG ANCH","Not in Transit",413844138,"2022-06-27 11:01:00",Tug,
"THE SENATOR",DEPARTURE,Port,"MACKINAC ISLAND","2022-06-27 11:09:00",,,"Not in Transit",368162610,,Cargo,
JINGANGBA,DEPARTURE,Port,JINZHOU,"2022-06-27 11:09:00",,,"Not in Transit",413001840,,Tug,
ALKYON,DEPARTURE,Port,AIDIPSOS,"2022-06-27 11:09:00",,,"Not in Transit",240129600,,Passenger,
"KATHERINE BORCHARD",ARRIVAL,Port,LIMASSOL,"2022-06-27 11:09:00",SALERNO,SALERNO,"Not in Transit",304623000,"2022-06-24 17:29:00",Cargo,11376
ARIEL,ARRIVAL,Port,"PORT VICTORIA","2022-06-27 11:09:00","PORT VICTORIA","PORT VICTORIA","Not in Transit",232038977,"2022-06-25 08:53:00","Sailing Vessel",
"BRABO 21",DEPARTURE,Port,ANTWERP,"2022-06-27 11:09:00",,,"Not in Transit",205513590,,"Special Craft",
MOYSALEN,DEPARTURE,Port,SANDNESSJOEN,"2022-06-27 11:09:00",,,"Not in Transit",257325400,,Passenger,1500
FENJA,ARRIVAL,Port,FANO,"2022-06-27 11:09:00",ESBJERG,ESBJERG,"Not in Transit",219000604,"2022-06-27 11:08:00",Passenger,250
MARJON,DEPARTURE,Port,SLIKKERVEER,"2022-06-27 11:09:00",,,"In Transit",244900067,,Cargo,
"LNG ENDEAVOUR",ARRIVAL,Anchorage,"HAMMERFEST ANCH","2022-06-27 11:09:00","ROTTERDAM MAASVLAKTE","ROTTERDAM MAASVLAKTE","Not in Transit",228408700,"2022-06-22 17:37:00",Tanker,88797
TARTARUGA1,DEPARTURE,Port,CARLOFORTE,"2022-06-27 11:09:00",,,"Not in Transit",211392880,,"Sailing Vessel",
AMORE,ARRIVAL,Port,"ROTTERDAM CENTRUM","2022-06-27 11:09:00","ROTTERDAM WAALHAVEN","ROTTERDAM WAALHAVEN","Not in Transit",244740863,"2022-06-27 10:58:00",Cargo,
"LOCH SHIRA",ARRIVAL,Port,LARGS,"2022-06-27 11:09:00","CUMBRAE SLIP","CUMBRAE SLIP","Not in Transit",235053239,"2022-06-27 11:05:00",Passenger,245
HUIJINYI01,ARRIVAL,Port,LIJIANG,"2022-06-27 11:09:00",XINSHA,XINSHA,"Not in Transit",413900627,"2022-06-27 10:38:00",Tanker,
LIMBURGIA,DEPARTURE,Port,HASSELT,"2022-06-27 11:09:00",,,"Not in Transit",205250590,,Passenger,
BATAAF,ARRIVAL,Port,AMSTERDAM,"2022-06-27 11:09:00",SCHELLINGWOUDE,SCHELLINGWOUDE,"Not in Transit",244060616,"2022-06-27 11:08:00","Pleasure Craft",
"MITRA BHUM",DEPARTURE,Port,SINGAPORE,"2022-06-27 11:09:00",,,"In Transit",565616000,,Cargo,13844
"HOZAN MARU",DEPARTURE,Port,KOBE,"2022-06-27 11:09:00",,,"Not in Transit",431011868,,Tug,
"AGIA THEODORA",DEPARTURE,Port,GAIOS,"2022-06-27 11:09:00",,,"Not in Transit",239619000,,Passenger,1046
TANGUETHEN,ARRIVAL,Port,LORIENT,"2022-06-27 11:09:00","PORT LOUIS","PORT LOUIS","Not in Transit",227002770,"2022-06-27 11:04:00","Pleasure Craft",
"LADY CAROLINE",DEPARTURE,Port,"ROAD TOWN","2022-06-27 11:09:00",,,"Not in Transit",378112988,,Passenger,
"KM BRAVO",DEPARTURE,Port,SINGAPORE,"2022-06-27 11:09:00",,,"Not in Transit",563040224,,"Pleasure Craft",
"HIKARI MARU",DEPARTURE,Anchorage,"HIKARI ANCH","2022-06-27 11:09:00",,,"Not in Transit",431004834,,Cargo,1300
"NOU EN",ARRIVAL,Port,UITWELLINGERGA,"2022-06-27 11:09:00",SNEEK,SNEEK,"Not in Transit",244010872,"2022-06-27 11:04:00","Pleasure Craft",
LOVA,ARRIVAL,Port,GOTEBORG,"2022-06-27 11:09:00","GOTA ALV TROLLHATTAN","GOTA ALV TROLLHATTAN","Not in Transit",265530660,"2022-06-26 15:43:00","Sailing Vessel",
"RNLI LIFEBOAT 13 21",DEPARTURE,Port,WICKLOW,"2022-06-27 11:09:00",,,"Not in Transit",235113727,,"Search and Rescue",
EXCELSIOR,ARRIVAL,Port,NEUILLY-SUR-SEINE,"2022-06-27 11:09:00",CONFLANS,CONFLANS,"Not in Transit",226014170,"2022-06-27 06:57:00",Cargo,
"SURYA IPOH",DEPARTURE,Port,"TANJUNG LANGSAT","2022-06-27 11:09:00",,,"In Transit",533000141,,"Special Craft",
"CARL WILHELMSON",ARRIVAL,Port,LYSEKIL,"2022-06-27 11:09:00",LYSEKIL,LYSEKIL,"Not in Transit",265528280,"2022-06-27 10:47:00",Unspecified,
GUIGANGHESHUN0018,DEPARTURE,Port,"DONG GUAN","2022-06-27 11:09:00",,,"Not in Transit",413798823,,Cargo,
AHAVA,ARRIVAL,Port,OOSTERHOUT,"2022-06-27 11:09:00",OCHTEN,OCHTEN,"Not in Transit",244850045,"2022-06-27 05:32:00",Cargo,
MERCURIUS,ARRIVAL,Port,ALESUND,"2022-06-27 11:09:00",TRONDHEIM,TRONDHEIM,"Not in Transit",266465000,"2022-06-26 21:08:00",Tanker,7998
NOMADIS,ARRIVAL,Port,"ROTTERDAM CENTRUM","2022-06-27 11:09:00",DORDRECHT,DORDRECHT,"Not in Transit",244670740,"2022-06-27 10:20:00",Cargo,
"ASEAN RAIDER 1",DEPARTURE,Port,"BATU AMPAR","2022-06-27 11:09:00",,,"Not in Transit",564330000,,Passenger,21
"HYUN JUNG 301HO",ARRIVAL,Port,ULSAN,"2022-06-27 11:09:00",ULSAN,ULSAN,"Not in Transit",440105090,"2022-06-27 10:40:00",Tug,
LOSINJ,ARRIVAL,Port,LOPAR,"2022-06-27 11:09:00",VALBISKA,VALBISKA,"Not in Transit",238289740,"2022-06-27 09:56:00",Passenger,810
"ISOLA DI CAPRERA",DEPARTURE,Port,CARLOFORTE,"2022-06-27 11:09:00",,,"Not in Transit",247045500,,Passenger,250
NEPTUNUS,ARRIVAL,Port,BOKENAS,"2022-06-27 11:09:00",BOKENAS,BOKENAS,"Not in Transit",265761380,"2022-06-27 10:46:00",Passenger,
TAIXINGQIDU9,ARRIVAL,Port,CHANGZHOU,"2022-06-27 11:09:00",CHANGZHOU,CHANGZHOU,"Not in Transit",413839727,"2022-06-27 11:06:00",Passenger,
"MARIA DEL CARMEN",ARRIVAL,Anchorage,"NUEVA PALMIRA ANCH","2022-06-27 11:09:00","NUEVA PALMIRA","NUEVA PALMIRA","Not in Transit",770576430,"2022-06-27 11:06:00",Passenger,
TRAMP,DEPARTURE,Port,COERHEIDE,"2022-06-27 11:09:00",,,"In Transit",244030641,,Cargo,
"PLACENTIA HOPE",ARRIVAL,Anchorage,"COME BY CHANCE ANCH","2022-06-27 11:09:00","WHIFFEN HEAD","WHIFFEN HEAD","Not in Transit",316274000,"2022-06-27 11:02:00",Tug,
IJSSELDIEP,ARRIVAL,Port,IDSKENHUIZEN,"2022-06-27 11:09:00",LEMMER,LEMMER,"Not in Transit",244020449,"2022-06-27 10:38:00",Cargo,
"DM 33",DEPARTURE,Anchorage,"SINGAPORE ANCH","2022-06-27 11:09:00",,,"Not in Transit",457004000,,Passenger,
"REBEL LANDER",DEPARTURE,Port,FISHBOURNE,"2022-06-27 11:09:00",,,"Not in Transit",232038596,,"Special Craft",
"MAMOLINO 2054",ARRIVAL,"Offshore Terminal",DJENO,"2022-06-27 11:09:00","POINTE NOIRE","POINTE NOIRE","Not in Transit",229183000,"2022-06-27 09:39:00",Passenger,
RENOIR,ARRIVAL,Port,ANTWERP,"2022-06-27 11:09:00",MOERDIJK,MOERDIJK,"Not in Transit",211531840,"2022-06-26 16:34:00",Tanker,
"MEDI HAKATA",DEPARTURE,Port,COEGA,"2022-06-27 11:09:00",,,"Not in Transit",352858000,,Cargo,58078
OCEANNA11,ARRIVAL,Port,KABIL,"2022-06-27 11:09:00","TANJUNG PINANG","TANJUNG PINANG","Not in Transit",525003663,"2022-06-27 10:04:00",Unspecified,
"SB BINTAN RESORT2",ARRIVAL,Port,KABIL,"2022-06-27 11:09:00",KABIL,KABIL,"Not in Transit",525500424,"2022-06-27 01:49:00",Passenger,
HUATAI978,DEPARTURE,Port,NANTONG,"2022-06-27 11:09:00",,,"Not in Transit",413835593,,Cargo,
LASLOVO,DEPARTURE,Port,SUCURAJ,"2022-06-27 11:08:00",,,"Not in Transit",238115840,,Passenger,180
"AKRA 30",ARRIVAL,"Offshore Terminal","SENIPAH OIL TERMINAL","2022-06-27 11:08:00",SAMARINDA,SAMARINDA,"Not in Transit",525007042,"2022-06-27 06:57:00",Tanker,5365
"DRAIOCHT NA FARRAIGE",DEPARTURE,Port,INISHMORE,"2022-06-27 11:08:00",,,"Not in Transit",250138000,,Passenger,31
"KT.ANGGADA XVI",ARRIVAL,Port,KARIANGAU,"2022-06-27 11:08:00",BALIKPAPAN,BALIKPAPAN,"Not in Transit",525000416,"2022-06-27 10:37:00",Tug,
"MM SEJATI",DEPARTURE,Port,BALIKPAPAN,"2022-06-27 11:08:00",,,"Not in Transit",525016681,,Cargo,3559
SMILLA,ARRIVAL,Port,BREMERHAVEN,"2022-06-27 11:08:00",HELGOLAND,HELGOLAND,"Not in Transit",211579420,"2022-06-27 03:49:00","Sailing Vessel",
"LUEN YIN 8",DEPARTURE,Port,"HONG KONG","2022-06-27 11:08:00",,,"In Transit",477996350,,Passenger,
KRATOS,ARRIVAL,Port,"ROTTERDAM BOTLEK","2022-06-27 11:08:00",ROTTERDAM,ROTTERDAM,"Not in Transit",244810087,"2022-06-27 10:57:00",Tanker,
SUHULET,ARRIVAL,Port,ESKIHISAR,"2022-06-27 11:08:00",TOPCULAR,TOPCULAR,"Not in Transit",271002544,"2022-06-27 10:40:00",Passenger,250
"SANDRA HUGH",ARRIVAL,Port,"LOS ANGELES","2022-06-27 11:08:00","LOS ANGELES","LOS ANGELES","Not in Transit",367305920,"2022-06-27 11:02:00",Tug,
"MARTHA FORTUNE",DEPARTURE,Port,JAKARTA,"2022-06-27 11:08:00",,,"Not in Transit",525021181,,Tug,
VESTA,ARRIVAL,Port,ALICUDI,"2022-06-27 11:08:00",FILICUDI,FILICUDI,"Not in Transit",247045400,"2022-06-27 10:18:00",Passenger,572
OSTIA,ARRIVAL,Port,SPEYER,"2022-06-27 11:08:00",LUDWIGSHAFEN,LUDWIGSHAFEN,"Not in Transit",205424190,"2022-06-27 09:03:00",Cargo,
"ILE DE GROIX",ARRIVAL,Port,LORIENT,"2022-06-27 11:08:00",GROIX,GROIX,"Not in Transit",227749270,"2022-06-27 10:37:00",Passenger,190
BOEMLAFJORD,DEPARTURE,Port,LANGEVAG,"2022-06-27 11:08:00",,,"Not in Transit",257088660,,Passenger,
"ISLAND HOME",DEPARTURE,Port,"VINEYARD HAVEN","2022-06-27 11:08:00",,,"Not in Transit",367130910,,Passenger,800
"CAPTAIN ET ROGERS",ARRIVAL,Port,HALIFAX,"2022-06-27 11:08:00",HALIFAX,HALIFAX,"Not in Transit",316022239,"2022-06-27 08:22:00","Special Craft",4
"OKSFJORD 1",DEPARTURE,Port,OKSFJORD,"2022-06-27 11:08:00",,,"Not in Transit",258094960,,"Pleasure Craft",
"HIGHSPEED 4",ARRIVAL,Port,KOUFONISI,"2022-06-27 11:08:00",NAXOS,NAXOS,"Not in Transit",239658000,"2022-06-27 10:20:00","High Speed Craft",470
KOSTERFJORD,ARRIVAL,Port,VETTNET,"2022-06-27 11:08:00",STROMSTAD,STROMSTAD,"Not in Transit",265386000,"2022-06-27 10:45:00",Passenger,
DAMAFRAN,DEPARTURE,Port,CORUNA,"2022-06-27 11:08:00",,,"Not in Transit",227536000,,Fishing,
"IVAN QUINN",DEPARTURE,Port,CAP-AUX-MEULES,"2022-06-27 11:08:00",,,"Not in Transit",316014656,,Passenger,32
BEBOP2,DEPARTURE,Port,"LA ROCHELLE VIEUX","2022-06-27 11:08:00",,,"Not in Transit",227014260,,"Sailing Vessel",
BELGRANO,ARRIVAL,Port,BUCEO,"2022-06-27 11:08:00",BUCEO,BUCEO,"Not in Transit",770576485,"2022-06-27 10:11:00","Special Craft",
"PATTHARA SAHATHAI1",DEPARTURE,Port,"LAEM CHABANG","2022-06-27 11:08:00",,,"Not in Transit",567001859,,Cargo,
"JULES VERNE",ARRIVAL,Port,MILLINGEN,"2022-06-27 11:08:00",ARNHEM,ARNHEM,"Not in Transit",211808520,"2022-06-27 10:08:00",Passenger,
"EL VIAJERO",DEPARTURE,Port,DELFZIJL,"2022-06-27 11:08:00",,,"Not in Transit",244146104,,Cargo,
"SAMSON SUPPORTER",DEPARTURE,Port,"RAS AL MISHAB","2022-06-27 11:08:00",,,"Not in Transit",371184000,,"Special Craft",82
VYATICH,DEPARTURE,Port,PRIMORSK,"2022-06-27 11:08:00",,,"Not in Transit",273434680,,Tug,151
RAPIDO,DEPARTURE,Port,ANTWERP,"2022-06-27 11:08:00",,,"In Transit",244660977,,Cargo,
"TARUA 306",ARRIVAL,Anchorage,"LAEM CHABANG ANCH","2022-06-27 11:08:00","LAEM CHABANG","LAEM CHABANG","Not in Transit",567111306,"2022-06-27 11:05:00",Tug,186
TREKVOGEL,DEPARTURE,Port,SLIEDRECHT,"2022-06-27 11:08:00",,,"In Transit",244750301,,Tug,
SKANE,ARRIVAL,Port,TRELLEBORG,"2022-06-27 11:08:00",ROSTOCK,ROSTOCK,"Not in Transit",265463000,"2022-06-27 05:51:00",Passenger,8787
KONGEN,ARRIVAL,Port,OSLO,"2022-06-27 11:08:00",OSLO,OSLO,"Not in Transit",258509000,"2022-06-27 10:52:00",Passenger,150
"CAPT MARK SUMMERS",DEPARTURE,Port,NEWBURGH,"2022-06-27 11:08:00",,,"Not in Transit",366990570,,Passenger,
"YOU LIAN TUO 18",ARRIVAL,Port,SHENZHEN,"2022-06-27 11:08:00",GUANGZHOU,"ZHUJIAN KOU ANCH","Not in Transit",413484130,"2022-05-16 06:21:00",Tug,
"GNV BRIDGE",DEPARTURE,Port,"PALMA DE MALLORCA","2022-06-27 11:08:00",,,"Not in Transit",247435900,,Passenger,8632
PROTEUS,ARRIVAL,Port,MANTOUDI,"2022-06-27 11:08:00",GLOSSA,GLOSSA,"Not in Transit",240567000,"2022-06-27 09:35:00",Passenger,726
PREMUDA,ARRIVAL,Port,DUBROVNIK,"2022-06-27 11:08:00",KOLOCEP,KOLOCEP,"Not in Transit",238115640,"2022-06-27 10:52:00",Passenger,20
MERIDIAN,DEPARTURE,Port,"ST AGNES","2022-06-27 11:08:00",,,"Not in Transit",235008613,,Passenger,
"TSUN WING 1",ARRIVAL,Port,"HONG KONG","2022-06-27 11:08:00","CHEK LAP KOK","CHEK LAP KOK","Not in Transit",477996459,"2022-06-27 11:06:00","Pleasure Craft",
ALPHECCA,DEPARTURE,Port,STELLENDAM,"2022-06-27 11:08:00",,,"Not in Transit",244740158,,"Pleasure Craft",
"RS ESMEE",ARRIVAL,Port,UTRECHT,"2022-06-27 11:08:00",LEMMER,LEMMER,"Not in Transit",244250702,"2022-06-24 11:29:00",Cargo,
"ZIFFA HELWA",DEPARTURE,Port,AVLAKIA,"2022-06-27 11:08:00",,,"Not in Transit",215000669,,"Sailing Vessel",
"LA NINA",ARRIVAL,Port,WORMERVEER,"2022-06-27 11:08:00",ZAANDAM,ZAANDAM,"Not in Transit",211190670,"2022-06-27 11:07:00","Sailing Vessel",
GISKOEY,DEPARTURE,Port,HAREID,"2022-06-27 11:08:00",,,"Not in Transit",257054910,,Passenger,
VIXEN,ARRIVAL,Port,STOCKHOLM,"2022-06-27 11:08:00",STOCKHOLM,STOCKHOLM,"Not in Transit",265674790,"2022-06-20 16:00:00",Cargo,
"EOLIAN STAR",DEPARTURE,Port,PANAREA,"2022-06-27 11:08:00",,,"Not in Transit",247132300,,Passenger,
"ERNST REUTER",ARRIVAL,Port,BERLIN,"2022-06-27 11:08:00",BERLIN,BERLIN,"Not in Transit",211519460,"2022-06-27 10:18:00",Passenger,
RAUNEFJORD,ARRIVAL,Port,ARSVAGEN,"2022-06-27 11:08:00",MORTAVIKA,MORTAVIKA,"Not in Transit",258223000,"2022-06-27 10:49:00",Passenger,1025
BAROSS,ARRIVAL,Port,"YBBS PERSENBEUG","2022-06-27 11:08:00",ALTENWORTH,ALTENWORTH,"Not in Transit",203999465,"2022-06-26 21:03:00",Tanker,
EUGENIO,DEPARTURE,Port,KOUDUM,"2022-06-27 11:08:00",,,"In Transit",244830521,,"Sailing Vessel",
HAYABUSA,ARRIVAL,Port,CHIBA,"2022-06-27 11:08:00",ANEGASAKI,ANEGASAKI,"Not in Transit",431001109,"2022-06-27 10:25:00",Tug,
"GUERRERO QUINTO",ARRIVAL,Port,"ISLA CRISTINA","2022-06-27 11:08:00","ISLA CANELA","ISLA CANELA","Not in Transit",225983791,"2022-06-27 10:27:00",Passenger,
DIANA,ARRIVAL,Port,SULINA,"2022-06-27 11:08:00",TULCEA,TULCEA,"Not in Transit",264162558,"2022-06-27 10:09:00",Passenger,
BATAAF,DEPARTURE,Port,SCHELLINGWOUDE,"2022-06-27 11:08:00",,,"Not in Transit",244060616,,"Pleasure Craft",
HAALOGALAND,DEPARTURE,Port,REFSNES,"2022-06-27 11:08:00",,,"Not in Transit",258472000,,Passenger,511
"DIMITRIOS S",DEPARTURE,Port,PERAMA,"2022-06-27 11:08:00",,,"Not in Transit",239672200,,Passenger,247
"HORISHNI PLAVNI",DEPARTURE,Port,ESZTERGOM,"2022-06-27 11:08:00",,,"In Transit",272136300,,Cargo,
DRITTO,DEPARTURE,Port,TARANTO,"2022-06-27 11:08:00",,,"Not in Transit",247269900,,Tug,
"CG 229",DEPARTURE,Port,PARADIP,"2022-06-27 11:08:00",,,"Not in Transit",419030900,,"Search and Rescue",
YEMANJA,DEPARTURE,Port,MYLOR,"2022-06-27 11:08:00",,,"Not in Transit",235030314,,"Sailing Vessel",
"M.S.SHAHAN II",DEPARTURE,Port,"PLUM ISLAND","2022-06-27 11:08:00",,,"Not in Transit",367181880,,Passenger,
JACOBUS,DEPARTURE,Port,GRIMLINGHAUSEN,"2022-06-27 11:08:00",,,"In Transit",244650495,,Cargo,
"MONOGIRL 2",ARRIVAL,Port,GRIMSBY,"2022-06-27 11:08:00","TETNEY TERMINAL","TETNEY TERMINAL","Not in Transit",235064475,"2022-06-27 10:24:00","Special Craft",
"WALRUS V",DEPARTURE,Port,WOUDRICHEM,"2022-06-27 11:08:00",,,"Not in Transit",244660409,,Tug,
JIANGSUDU22HAO,ARRIVAL,Port,JINGJIANG,"2022-06-27 11:08:00",JIANGYIN,JIANGYIN,"Not in Transit",413839382,"2022-06-27 11:00:00",Passenger,
GIANO,DEPARTURE,Port,REGGIO,"2022-06-27 11:08:00",,,"Not in Transit",247054200,,Passenger,1459
"DINA MARIE",ARRIVAL,Port,HEROY,"2022-06-27 11:08:00",SANDNESSJOEN,SANDNESSJOEN,"Not in Transit",258016230,"2022-06-19 07:55:00","Pleasure Craft",
"FERRY FUKUOKA",DEPARTURE,Port,OSAKA,"2022-06-27 11:08:00",,,"Not in Transit",431018431,,Passenger,
"KOC DHAFER",ARRIVAL,Port,"MINA AL AHMADI","2022-06-27 11:08:00",SHUAIBA,SHUAIBA,"Not in Transit",447213000,"2022-06-27 11:06:00",Tug,89
AIANTAS,ARRIVAL,Port,FANEROMENI,"2022-06-27 11:08:00",MEGARA,MEGARA,"Not in Transit",237034400,"2022-06-27 11:04:00",Passenger,
"JOLIE BRISE",ARRIVAL,Port,"LE HAVRE","2022-06-27 11:08:00","LE HAVRE ANCH","LE HAVRE ANCH","Not in Transit",227563620,"2022-06-27 01:16:00",Fishing,
SULTAN,ARRIVAL,Port,VIGO,"2022-06-27 11:08:00",VIGO,VIGO,"Not in Transit",224178920,"2022-06-22 09:59:00","Sailing Vessel",
"SUN CRU",DEPARTURE,Port,SINGAPORE,"2022-06-27 11:08:00",,,"Not in Transit",563076670,,Cargo,
"YUE XIN HUI HUO 328",DEPARTURE,Port,MACAU,"2022-06-27 11:08:00",,,"Not in Transit",413775308,,Cargo,
TENNA,DEPARTURE,Port,HEROY,"2022-06-27 11:08:00",,,"Not in Transit",258696000,,Passenger,360
"JOHN H",DEPARTURE,Port,"ORIENT POINT","2022-06-27 11:08:00",,,"Not in Transit",366934890,,Passenger,
"GORINCHEM X",ARRIVAL,Port,WERKENDAM,"2022-06-27 11:08:00",GORINCHEM,GORINCHEM,"Not in Transit",244620184,"2022-06-27 10:55:00",Passenger,
AUSZEIT,ARRIVAL,Port,BASTIA,"2022-06-27 11:08:00","PORTO FERRAIO","PORTO FERRAIO","Not in Transit",211222440,"2022-06-26 09:30:00","Pleasure Craft",
DAMIATE,ARRIVAL,Port,PANNERDEN,"2022-06-27 11:08:00",DUISBURG,DUISBURG,"Not in Transit",244700319,"2022-06-27 06:12:00",Cargo,
SVETKO,DEPARTURE,Port,IZOLA,"2022-06-27 11:08:00",,,"Not in Transit",278594000,,Passenger,
"SNOWBIRD OF RHU",ARRIVAL,Port,FALMOUTH,"2022-06-27 11:08:00",HELFORD,HELFORD,"Not in Transit",235110985,"2022-06-26 10:13:00","Pleasure Craft",
"FENG ZE YUAN",ARRIVAL,Port,"HONG KONG","2022-06-27 11:08:00",XIAMEN,XIAMEN,"Not in Transit",477407600,"2022-06-26 08:55:00",Cargo,8214
"KING SARON",DEPARTURE,Port,SYMI,"2022-06-27 11:08:00",,,"Not in Transit",240343000,,Passenger,54
REINMAR,ARRIVAL,Port,ZUTPHEN,"2022-06-27 11:08:00",FRIEDRICHSFELD,FRIEDRICHSFELD,"Not in Transit",244660381,"2022-06-27 04:35:00",Cargo,
"BELUMI 1",DEPARTURE,Port,LOCHEM,"2022-06-27 11:08:00",,,"In Transit",211394690,,Cargo,
LJSACS38,DEPARTURE,Port,NICE,"2022-06-27 11:08:00",,,"Not in Transit",338167203,,"Pleasure Craft",
NIRVANA,ARRIVAL,Port,SCHOKKERHAVEN,"2022-06-27 11:08:00",ZWOLLE,ZWOLLE,"Not in Transit",244670060,"2022-06-27 08:44:00",Passenger,
"ADRIATIC PEARL",ARRIVAL,Port,HVAR,"2022-06-27 11:08:00",POMENA,POMENA,"Not in Transit",238434340,"2022-06-27 05:09:00",Passenger,
DELTATRANS,DEPARTURE,Port,BRILTIL,"2022-06-27 11:08:00",,,"In Transit",244060826,,Cargo,
SUQUAMISH,ARRIVAL,Port,MUKILTEO,"2022-06-27 11:08:00",CLINTON,CLINTON,"Not in Transit",368027230,"2022-06-27 10:59:00",Passenger,1400
"HB PIRARARA",ARRIVAL,Port,SANTAREM,"2022-06-27 11:08:00","VILA DO CONDE","VILA DO CONDE","Not in Transit",710003757,"2022-06-22 23:54:00",Tug,
